ground_truth,efficientnet_b3_prob,efficientformerv2_s1_prob,faster_vit_2_224_prob
1,0.2911435961723327,0.5865221619606018,0.3441326916217804
1,0.2669775187969208,0.3128702938556671,0.2969523966312408
1,0.2799582481384277,0.3207408189773559,0.3404842317104339
1,0.3147366046905517,0.3192512392997741,0.5665953159332275
1,0.2470626980066299,0.3785969316959381,0.3462386131286621
1,0.3144375681877136,0.2730408906936645,0.4211287498474121
1,0.3760313093662262,0.2865801155567169,0.4000886082649231
1,0.4640763700008392,0.5043849349021912,0.326395720243454
1,0.3249287009239197,0.3069547712802887,0.4645975828170776
1,0.2680295407772064,0.3873588442802429,0.3337911963462829
1,0.3463151752948761,0.2899300754070282,0.4076089859008789
1,0.2284982800483703,0.2134509086608886,0.3130432665348053
1,0.4083151221275329,0.2482013553380966,0.3417322933673858
1,0.4285076856613159,0.3139936923980713,0.4298000335693359
1,0.4806511700153351,0.2862030267715454,0.3277401924133301
1,0.334035724401474,0.3073690831661224,0.5063241720199585
1,0.3737691938877105,0.3040990531444549,0.4334790408611297
1,0.418616235256195,0.2757843136787414,0.3364686965942383
1,0.2601793110370636,0.4445332288742065,0.4491431713104248
1,0.3147237002849579,0.2611317634582519,0.486712634563446
1,0.4054032862186432,0.3359881341457367,0.4182467460632324
1,0.3123015463352203,0.3325377106666565,0.5044174790382385
1,0.4328065812587738,0.324631005525589,0.4531409442424774
1,0.3473069071769714,0.285317987203598,0.4407325088977813
1,0.4006887376308441,0.3753866255283355,0.3666892647743225
1,0.2360341250896453,0.251541405916214,0.3765212595462799
1,0.341107577085495,0.3223196268081665,0.3335056900978088
1,0.2428439110517501,0.3589722216129303,0.4848955273628235
1,0.2732855379581451,0.2225268483161926,0.4767189621925354
1,0.4271809458732605,0.2984454333782196,0.2898841500282287
1,0.2605476379394531,0.3405027687549591,0.386630117893219
1,0.3471322357654571,0.3838158249855041,0.3306928277015686
1,0.3244235515594482,0.3217338323593139,0.4030353724956512
1,0.375535249710083,0.2917318642139435,0.4018820524215698
1,0.3419037759304046,0.2488891780376434,0.4346820414066314
1,0.2738930583000183,0.3252449035644531,0.3875838220119476
1,0.2972005307674408,0.3440708816051483,0.3731049597263336
1,0.2932108938694,0.2603278756141662,0.3863254189491272
1,0.4114973247051239,0.2603325843811035,0.4694076478481293
1,0.3110331892967224,0.2918378412723541,0.3003246784210205
1,0.3600091338157654,0.2553721964359283,0.4941697120666504
1,0.2565631866455078,0.2508674263954162,0.3617968559265136
1,0.2853054404258728,0.3175503611564636,0.4987841546535492
1,0.161051332950592,0.2387778609991073,0.4800155460834503
1,0.4208724796772003,0.4041038751602173,0.4241687357425689
1,0.4764862358570099,0.279902696609497,0.3877113461494446
1,0.3282172381877899,0.280663251876831,0.4831198453903198
1,0.180816188454628,0.2645152807235718,0.3448635041713714
1,0.2623526155948639,0.2338196039199829,0.4127887487411499
1,0.1805158108472824,0.3230839371681213,0.4933851957321167
1,0.2210190445184707,0.4463039934635162,0.3570417165756225
1,0.3730568289756775,0.2559127509593963,0.4460326135158539
1,0.3415411114692688,0.2430272102355957,0.4165956974029541
1,0.3505364656448364,0.2545437216758728,0.4195674955844879
1,0.2957155108451843,0.2639199793338775,0.5538903474807739
1,0.3321160078048706,0.1951992809772491,0.4030046463012695
1,0.2008601874113083,0.2611951529979706,0.3392701745033264
1,0.4061991572380066,0.281471312046051,0.3994715809822082
1,0.2495986521244049,0.4952161312103271,0.3370299935340881
1,0.3135334551334381,0.3078933954238891,0.3899164497852325
1,0.2866649627685547,0.35104700922966,0.381085067987442
1,0.6025246381759644,0.2003514319658279,0.4576875269412994
1,0.3206832706928253,0.4158341288566589,0.4180748760700226
1,0.4602369666099548,0.3671862781047821,0.4580707848072052
1,0.3305266201496124,0.5042721033096313,0.314206451177597
1,0.3311543464660644,0.3202768564224243,0.3588398993015289
1,0.3967572152614593,0.2932247519493103,0.3655816614627838
1,0.3567691743373871,0.3040288984775543,0.4311293065547943
1,0.3425388038158417,0.2797671258449554,0.3311843276023865
1,0.2036207765340805,0.3405525982379913,0.3723088800907135
1,0.4014669060707092,0.389544814825058,0.4192754626274109
1,0.2491116672754287,0.2273523807525634,0.4427945017814636
1,0.3553111255168915,0.4017921686172485,0.3076249659061432
1,0.3552025258541107,0.4467878937721252,0.3534558117389679
1,0.2581714987754822,0.3508678674697876,0.4181082844734192
1,0.3701655268669128,0.55330890417099,0.4337892234325409
1,0.4220998585224151,0.3338169455528259,0.4215626716613769
1,0.3010444939136505,0.3268465399742126,0.4766612350940704
1,0.2587101757526397,0.3613899946212768,0.4471348226070404
1,0.3090980947017669,0.2389209270477295,0.4328672587871551
1,0.256249338388443,0.2926637232303619,0.3718048930168152
1,0.4229115843772888,0.4099224209785461,0.3051430583000183
1,0.352781742811203,0.254967600107193,0.4607400894165039
1,0.3813071548938751,0.3863686025142669,0.3342894911766052
1,0.3873209953308105,0.3001756370067596,0.464027851819992
1,0.2434667199850082,0.2583682835102081,0.379436582326889
1,0.3290531039237976,0.3170465230941772,0.375076025724411
1,0.2741682529449463,0.2662752568721771,0.4357989430427551
1,0.4675060510635376,0.2484852075576782,0.3281436264514923
1,0.3472559154033661,0.3030507564544678,0.4287146627902984
1,0.3419191241264343,0.2775038480758667,0.4172708988189697
1,0.3462714254856109,0.41922128200531,0.3609689772129059
1,0.349392831325531,0.2879581749439239,0.3681908547878265
1,0.2792249321937561,0.3136992454528808,0.3121489286422729
1,0.332234114408493,0.2305022925138473,0.2732614278793335
1,0.2621512115001678,0.2727634906768799,0.3783042728900909
1,0.1917052716016769,0.2537064552307129,0.4349981248378753
1,0.3009537160396576,0.4082360863685608,0.3677552044391632
1,0.2503581941127777,0.2506832480430603,0.4126199781894684
1,0.3686120808124542,0.4573030471801758,0.3141932487487793
1,0.3791650831699371,0.2371555417776107,0.3710745871067047
1,0.2123529613018036,0.3740815818309784,0.2877378463745117
1,0.3448798656463623,0.3830199241638183,0.4561846554279327
1,0.2439686954021453,0.276730477809906,0.431488424539566
1,0.3448256254196167,0.2849767208099365,0.4297005534172058
1,0.2862836122512817,0.390421062707901,0.4602216780185699
1,0.2591602206230163,0.2818894684314728,0.4167997539043426
1,0.3823221921920776,0.4347537457942962,0.4782052934169769
1,0.4976813197135925,0.5389365553855896,0.3924092352390289
1,0.2959131002426147,0.2797242403030395,0.3996464312076568
1,0.4008614420890808,0.2163929045200348,0.4159392416477203
1,0.4083905816078186,0.3893250226974487,0.3867273032665252
1,0.4465791583061218,0.2367096543312072,0.3976173102855682
1,0.2251231521368026,0.4022662341594696,0.4414852559566498
1,0.4394645392894745,0.2623656392097473,0.4232684671878814
1,0.259890466928482,0.2384997904300689,0.3558260500431061
1,0.2859927117824554,0.265909731388092,0.4516897201538086
1,0.2357922047376632,0.2667297720909118,0.3926887810230255
1,0.2449534386396408,0.3217242956161499,0.406413197517395
1,0.4440848231315613,0.3052038550376892,0.4387946724891662
1,0.2540883719921112,0.3469099402427673,0.2709528505802154
1,0.2702613770961761,0.2901612818241119,0.4087899923324585
1,0.3228401243686676,0.2386041283607483,0.3570395708084106
1,0.3144053816795349,0.2729260921478271,0.4199250042438507
1,0.2439314872026443,0.2799484729766845,0.4128728806972503
1,0.2254173010587692,0.2561604380607605,0.3918802142143249
1,0.3828376531600952,0.3806809484958648,0.3242402076721191
1,0.3086843490600586,0.2285205721855163,0.3061587512493133
1,0.2326008975505828,0.2601369023323059,0.4836494922637939
1,0.4005364179611206,0.2451854944229126,0.313720554113388
1,0.3815918862819671,0.3661099374294281,0.3237352669239044
1,0.2800334095954895,0.292248010635376,0.358538806438446
1,0.3476377427577972,0.4426949620246887,0.377746433019638
1,0.3193525373935699,0.3458899557590484,0.4182178974151611
1,0.3638345301151275,0.3557254076004028,0.4212587475776672
1,0.2465558350086212,0.3206645846366882,0.287442147731781
1,0.2772212624549866,0.4205279052257538,0.3888301849365234
1,0.4138915836811065,0.5225196480751038,0.4879631102085113
1,0.3437346220016479,0.3451540172100067,0.2481261640787124
1,0.2567929029464721,0.2582213282585144,0.4608113169670105
1,0.364549309015274,0.3499172627925873,0.4460112452507019
1,0.3176829814910888,0.285891592502594,0.3834356367588043
1,0.3283598721027374,0.2707353234291076,0.524876058101654
1,0.3583902716636657,0.2725755870342254,0.4437993466854095
1,0.3566361665725708,0.2131355106830597,0.4426216185092926
1,0.3016078770160675,0.2990665137767792,0.3938453495502472
1,0.2945360243320465,0.2296802252531051,0.3566582798957824
1,0.2681590318679809,0.3500383794307709,0.3981736302375793
1,0.2473415434360504,0.3361069858074188,0.5266228318214417
1,0.3562587797641754,0.340682178735733,0.3897690176963806
1,0.2249141186475753,0.2615545690059662,0.3362744450569153
1,0.3242186307907104,0.2908998131752014,0.3353309333324432
1,0.4361085593700409,0.4342245161533355,0.4630712866783142
1,0.3061023950576782,0.2687255442142486,0.3785191476345062
1,0.3750801980495453,0.3038308322429657,0.3907552063465118
1,0.4200892150402069,0.2675737142562866,0.4818736910820007
1,0.3330172598361969,0.3343628346920013,0.403238296508789
1,0.2799557745456695,0.2018290013074875,0.4059976041316986
1,0.4233603179454803,0.2798782587051391,0.5063673257827759
1,0.4061186909675598,0.2929058074951172,0.4931662380695343
1,0.1833316385746002,0.2423129379749298,0.3495779931545257
1,0.3073329031467438,0.3017565310001373,0.484747439622879
1,0.279708981513977,0.2659520506858825,0.4455301761627197
1,0.3095247447490692,0.3298925161361694,0.3971118927001953
1,0.2196194380521774,0.3998938500881195,0.4801579713821411
1,0.23647540807724,0.3461971282958984,0.3704913854598999
1,0.3217150270938873,0.2729310989379883,0.4218118488788605
1,0.2242344319820404,0.2548160254955292,0.3695732355117798
1,0.4851009845733642,0.3402728736400604,0.3412665128707886
1,0.3196818828582763,0.2786353826522827,0.3135939538478851
1,0.232785627245903,0.2978363335132599,0.3834904730319977
1,0.2041580528020858,0.2774786949157715,0.4121478796005249
1,0.3434163928031921,0.251207172870636,0.453881561756134
1,0.2947641611099243,0.3548502922058105,0.3306545615196228
1,0.3464941084384918,0.2216530442237854,0.2601387500762939
1,0.2197235822677612,0.3332005739212036,0.5103616118431091
1,0.3392834961414337,0.2409698367118835,0.3903846442699432
1,0.3137572705745697,0.2518512904644012,0.4337419271469116
1,0.1865466088056564,0.2109896689653396,0.2443307787179947
1,0.4537260830402374,0.3933627009391784,0.4049350321292877
1,0.3819397985935211,0.3960215151309967,0.3751559555530548
1,0.3604151904582977,0.2596437931060791,0.3834850192070007
1,0.4134311974048614,0.4356873035430908,0.3126697540283203
1,0.318943053483963,0.312252938747406,0.4685346484184265
1,0.356969952583313,0.2968705296516418,0.3882123231887817
1,0.2892872095108032,0.4021331369876861,0.4824777841567993
1,0.3467645645141601,0.311605304479599,0.4235094785690307
1,0.2218319177627563,0.2400798946619033,0.2444726526737213
1,0.2692477107048034,0.2688756883144378,0.2973135113716125
1,0.3756913840770721,0.4033581018447876,0.4565956890583038
1,0.4389786720275879,0.3455727994441986,0.4811165332794189
1,0.6101888418197632,0.3779298365116119,0.3781803250312805
1,0.3034437596797943,0.5676434636116028,0.3501812219619751
1,0.2888822257518768,0.3353943228721618,0.5020387172698975
1,0.2952676117420196,0.2785689234733581,0.5053810477256775
1,0.2850517332553863,0.3190101683139801,0.3981908559799194
1,0.388285219669342,0.3843821585178375,0.3753160536289215
1,0.4577072560787201,0.2994637489318847,0.4165407419204712
1,0.2489358186721801,0.2714655995368957,0.4271714091300964
1,0.3165399730205536,0.3167941570281982,0.394915223121643
1,0.4651857614517212,0.3115177750587463,0.3456996977329254
1,0.2936438918113708,0.2555158138275146,0.4987672865390777
1,0.3758963346481323,0.2676879167556762,0.440468430519104
1,0.4201013147830963,0.2444393932819366,0.5299544930458069
1,0.4796120822429657,0.2901569604873657,0.4563227295875549
1,0.2756863832473755,0.2600380182266235,0.3243190944194793
1,0.341045469045639,0.3525782525539398,0.4384816884994507
1,0.4604996144771576,0.3538445234298706,0.4061744511127472
1,0.422467440366745,0.2849034070968628,0.336814135313034
1,0.1844336837530136,0.2900442779064178,0.3947877585887909
1,0.2965409159660339,0.2979345023632049,0.3635052144527435
1,0.2668253779411316,0.2693820893764496,0.4866479039192199
1,0.3618934452533722,0.3160719573497772,0.353494644165039
1,0.3581908047199249,0.303469568490982,0.3290989995002746
1,0.4371733963489532,0.2670887410640716,0.462508350610733
1,0.3397274613380432,0.2201977372169494,0.4408029317855835
1,0.2928315699100494,0.2670495808124542,0.3274585008621216
1,0.2104858458042144,0.2382674217224121,0.5076823234558105
1,0.3646252453327179,0.2004827260971069,0.4528657793998718
1,0.3036957383155823,0.3857904374599457,0.3918646275997162
1,0.3890964984893799,0.2742559313774109,0.3942507207393646
1,0.3225592970848083,0.2686181664466858,0.4193955659866333
1,0.3126811981201172,0.4260164797306061,0.4024137854576111
1,0.2472429275512695,0.4001224040985107,0.3624754548072815
1,0.3888247609138489,0.3124380111694336,0.5011097192764282
1,0.3517819941043854,0.364120215177536,0.3635380864143371
1,0.1484279036521911,0.2889600992202759,0.3777523636817932
1,0.4123103618621826,0.3611471652984619,0.4190768301486969
1,0.4003660976886749,0.3346224129199981,0.3412871956825256
1,0.3588914275169372,0.3756532073020935,0.4807469248771667
1,0.3679832816123962,0.2523183226585388,0.443141222000122
1,0.4430067241191864,0.2445572614669799,0.4298467636108398
1,0.3958047926425934,0.3200995624065399,0.4527334868907928
1,0.3651072978973388,0.2840446829795837,0.3778072893619537
1,0.2807734310626983,0.3453351259231567,0.3431563973426819
1,0.2967357635498047,0.3720033764839172,0.4651262164115906
1,0.2780959606170654,0.2687310874462127,0.3654773831367492
1,0.4242236912250519,0.3045484721660614,0.2558164596557617
1,0.220445230603218,0.3316020667552948,0.3102896213531494
1,0.2652255892753601,0.3103498816490173,0.3339384794235229
1,0.2127224951982498,0.2564623951911926,0.4127811193466186
1,0.300079733133316,0.3924040198326111,0.4011219143867492
1,0.3211375176906585,0.2760129868984222,0.3442135155200958
1,0.2303770929574966,0.2297975271940231,0.4534861147403717
1,0.2057240456342697,0.3007659912109375,0.4148325324058532
1,0.3762501180171966,0.3014617264270782,0.3027347326278686
1,0.3837691843509674,0.2705374658107757,0.3699170649051666
1,0.2020503729581833,0.243736907839775,0.3957430124282837
1,0.2176215648651123,0.3293250203132629,0.4695721566677093
1,0.1895378828048706,0.302483856678009,0.4009716808795929
1,0.2362847179174423,0.2901508212089538,0.4257465600967407
1,0.2804452776908874,0.2564653754234314,0.4766837060451507
1,0.3518455028533935,0.4719138741493225,0.4046305119991302
1,0.2713021636009216,0.3485935628414154,0.3986652493476867
1,0.3171000480651855,0.2388994991779327,0.2784931063652038
1,0.4323541522026062,0.2970456182956695,0.4447344541549682
1,0.2573595941066742,0.3137497007846832,0.3767557442188263
1,0.1995728909969329,0.2313688397407531,0.4351775646209717
1,0.3513175249099731,0.4650145471096039,0.3992553353309631
1,0.3626444637775421,0.3022796213626861,0.4227056801319122
1,0.3006354570388794,0.2547748386859894,0.4661348760128021
1,0.174997478723526,0.3894000053405761,0.397361159324646
1,0.1781075894832611,0.7265256643295288,0.4574894607067108
1,0.4408366084098816,0.5255595445632935,0.4072085320949554
1,0.4069549739360809,0.2639518082141876,0.2973956167697906
1,0.2662844657897949,0.2959655225276947,0.4676588773727417
1,0.4625181853771209,0.3279650211334228,0.3499120771884918
1,0.2316889762878418,0.2393394112586975,0.4031506776809692
1,0.2920306324958801,0.4268217980861664,0.4141308069229126
1,0.2496197819709777,0.3136658668518066,0.4590198397636413
1,0.3320440351963043,0.3301230669021606,0.425129234790802
1,0.3516696691513061,0.2880273461341858,0.4631244838237762
1,0.342153400182724,0.2615531980991363,0.4571132957935333
1,0.3183080852031708,0.2604787051677704,0.3119025528430938
1,0.2830465137958526,0.2887402474880218,0.3576058745384216
1,0.3774740099906921,0.2715663313865661,0.4188632071018219
1,0.2842317819595337,0.2395465523004531,0.3183986842632293
1,0.2605733871459961,0.3084213137626648,0.4121180474758148
1,0.2945845127105713,0.3871447443962097,0.3280270397663116
1,0.34412282705307,0.2958383560180664,0.4112333357334137
1,0.3118205368518829,0.3270882964134216,0.4392102062702179
1,0.3723562359809875,0.2699019610881805,0.3951801359653473
1,0.3799948692321777,0.2644762396812439,0.4276464879512787
1,0.2309150844812393,0.2617742717266083,0.3934329450130462
1,0.2061681598424911,0.3102657794952392,0.3314322829246521
1,0.3385859727859497,0.3502418100833893,0.307715505361557
1,0.245729923248291,0.2859771251678467,0.4659207761287689
1,0.3712452948093414,0.336551696062088,0.4787299633026123
1,0.3516018986701965,0.2554919719696045,0.4287132024765014
1,0.321976363658905,0.3099233508110046,0.4358027875423431
1,0.2810733318328857,0.3819566965103149,0.3725828826427459
1,0.2651055753231048,0.3793361485004425,0.4573422372341156
1,0.3468535840511322,0.3170574307441711,0.4656632542610168
1,0.3484631478786468,0.2882317900657654,0.3607326745986938
1,0.3044088184833526,0.268584281206131,0.4885057508945465
1,0.2501857876777649,0.3643510341644287,0.3109287917613983
1,0.451700747013092,0.263905793428421,0.473118394613266
1,0.244472250342369,0.2783859968185425,0.3774074614048004
1,0.402260422706604,0.3945394456386566,0.3110933899879455
1,0.283522218465805,0.2725945115089416,0.4080722630023956
1,0.4366860687732696,0.3446045219898224,0.363567441701889
1,0.2832841575145721,0.3371805250644684,0.3976375162601471
1,0.2429538816213607,0.2516778409481048,0.4142901301383972
1,0.2947548627853393,0.321275383234024,0.3228978514671325
1,0.4657036066055298,0.3073562681674957,0.4365512430667877
1,0.3926377892494201,0.4346623122692108,0.4094167649745941
1,0.3878428637981415,0.2186525762081146,0.3755419552326202
1,0.4093824028968811,0.4350047409534454,0.3943943381309509
1,0.236788123846054,0.3411193788051605,0.4269627034664154
1,0.3750515580177307,0.220463141798973,0.4016856253147125
1,0.2399250864982605,0.3049318194389343,0.4376891553401947
1,0.3029553592205047,0.2409356385469436,0.4714426398277282
1,0.3629122674465179,0.3819738924503326,0.3381339013576507
1,0.2886548638343811,0.2982720732688904,0.4219394326210022
1,0.2994812130928039,0.1761287748813629,0.4285437762737274
1,0.3870280683040619,0.2640814781188965,0.4543960392475128
1,0.2537943720817566,0.3046846389770508,0.4194405376911163
1,0.2684312462806701,0.3424153625965118,0.4349384307861328
1,0.2972096502780914,0.3243004083633423,0.3200850486755371
1,0.2124408483505249,0.297198474407196,0.2707488238811493
1,0.2120047360658645,0.1990066468715667,0.3328604102134704
1,0.3313379287719726,0.3260683119297027,0.2990375757217407
1,0.2489273250102996,0.2976212203502655,0.3814881145954132
1,0.38239786028862,0.2046988308429718,0.3604633510112762
1,0.3607430756092071,0.279221773147583,0.4782543480396271
1,0.3805515170097351,0.3238799273967743,0.3672654330730438
1,0.3256493806838989,0.2514570951461792,0.3844547569751739
1,0.2180023342370987,0.3103300333023071,0.4316103756427765
1,0.2320198714733123,0.2726812362670898,0.3529026508331299
1,0.2521193325519562,0.2882132232189178,0.307906299829483
1,0.3406979739665985,0.2512986660003662,0.4341447949409485
1,0.3960573971271515,0.3076145946979522,0.3237047493457794
1,0.2525694966316223,0.3088328540325165,0.3425814509391784
1,0.3312207758426666,0.3061233460903168,0.4672684073448181
1,0.2710334658622741,0.3287389278411865,0.406680703163147
1,0.355680912733078,0.3398915231227875,0.3447863459587097
1,0.3348497748374939,0.336058109998703,0.3622286319732666
1,0.4066614508628845,0.2825618088245392,0.4232809245586395
1,0.426040917634964,0.314006894826889,0.3769113719463348
1,0.312274158000946,0.345420628786087,0.3995384275913238
1,0.3229922950267792,0.4060934782028198,0.3436331152915954
1,0.3767887353897095,0.3195585310459137,0.359667032957077
1,0.3092331290245056,0.36292365193367,0.3217053413391113
1,0.2527202069759369,0.3191754817962646,0.4186842143535614
1,0.3549326956272125,0.3292098343372345,0.3572399914264679
1,0.3213187456130981,0.1690225601196289,0.3166011273860931
1,0.3896410465240478,0.5378724932670593,0.3721144795417785
1,0.2562055587768554,0.3374772369861603,0.4655223786830902
1,0.287712961435318,0.2106135934591293,0.3940229117870331
1,0.3185780644416809,0.4231365621089935,0.3379468619823456
1,0.4346764981746673,0.2505969405174255,0.4048193097114563
1,0.2720944583415985,0.2105544358491897,0.31496462225914
1,0.3564535081386566,0.4847581386566162,0.4312942922115326
1,0.3012440502643585,0.1864616870880127,0.4653038382530212
1,0.2780176699161529,0.3084122240543365,0.3440970778465271
1,0.5183326601982117,0.2950996458530426,0.319129467010498
1,0.3464734852313995,0.2926498353481293,0.4345759451389313
1,0.3880657851696014,0.3593747615814209,0.4543280303478241
1,0.2279281020164489,0.2738741934299469,0.417374312877655
1,0.2142041623592376,0.2577233612537384,0.4440218508243561
1,0.2458922266960144,0.2257805615663528,0.4648122787475586
1,0.4023249745368957,0.3265428841114044,0.4383613765239715
1,0.2509478628635406,0.4024633467197418,0.4119941592216491
1,0.4493975639343261,0.4067550003528595,0.4669457376003265
1,0.3008453249931335,0.3733994662761688,0.4666723608970642
1,0.2585392892360687,0.3957075178623199,0.4707503020763397
1,0.3094299435615539,0.281624436378479,0.3317151665687561
1,0.3807130455970764,0.2579450905323028,0.4266830384731293
1,0.4013475775718689,0.2898696660995483,0.3601254820823669
1,0.2480635046958923,0.2804650068283081,0.4762070775032043
1,0.3093599677085876,0.2773672044277191,0.359256237745285
1,0.2440767437219619,0.4358580112457275,0.4118123650550842
1,0.2024356126785278,0.3001585304737091,0.4742766618728637
1,0.21950463950634,0.2501666843891144,0.4457703828811645
1,0.282915860414505,0.3292313516139984,0.4741047322750091
1,0.2488655000925064,0.2723797559738159,0.4491455852985382
1,0.2405767440795898,0.3667607605457306,0.3922353386878967
1,0.44261035323143,0.345413476228714,0.3926844000816345
1,0.2061232477426529,0.2054768204689026,0.2349142134189605
1,0.3441895842552185,0.3778599798679352,0.3966125547885895
1,0.2847139835357666,0.3121949136257171,0.4423191249370575
1,0.2280398458242416,0.3360460996627807,0.4199888408184051
1,0.2100428789854049,0.3840774595737457,0.3890479505062103
1,0.3067040741443634,0.3701188266277313,0.4357165992259979
1,0.3455462753772735,0.2531805336475372,0.2998223900794983
1,0.2563172876834869,0.3149134218692779,0.369922399520874
1,0.301488310098648,0.3235934674739837,0.4256934225559234
1,0.3439793288707733,0.3129046261310577,0.4631000459194183
1,0.331585943698883,0.2789992690086365,0.3990945816040039
1,0.3367575109004974,0.3958640992641449,0.3962162137031555
1,0.2501086890697479,0.2348436713218689,0.4357462525367737
1,0.2400506883859634,0.3872779309749603,0.4030147194862366
1,0.2834157943725586,0.3433362543582916,0.360936552286148
1,0.3023231029510498,0.3206498920917511,0.4071502387523651
1,0.165589690208435,0.2123833000659942,0.2984806299209595
1,0.2916730940341949,0.275984525680542,0.4871479868888855
1,0.3206704258918762,0.3737545311450958,0.4639137685298919
1,0.4724771976470947,0.297983169555664,0.5034592151641846
1,0.3726303279399872,0.3418303728103637,0.4460931420326233
1,0.2877868115901947,0.2424482703208923,0.409801036119461
1,0.3013211190700531,0.2691320478916168,0.4097572863101959
1,0.3353473842144012,0.4256953001022339,0.5017663240432739
1,0.1711014956235885,0.3140601813793182,0.3992276787757873
1,0.3908233046531677,0.2846405208110809,0.4798902869224548
1,0.3283675611019134,0.364798754453659,0.3767825663089752
1,0.2560864686965942,0.3189440071582794,0.4145191013813019
1,0.3048339784145355,0.2792370021343231,0.3903873264789581
1,0.3291492760181427,0.3310205340385437,0.4255492091178894
1,0.2569450736045837,0.3345805704593658,0.4157778620719909
1,0.3134400844573974,0.278795450925827,0.312077909708023
1,0.2775537371635437,0.2940923273563385,0.5103023648262024
1,0.2191889584064483,0.2220167815685272,0.2434047758579254
1,0.2597252130508423,0.2747019529342651,0.3238529860973358
1,0.2567540109157562,0.2636059820652008,0.3567181229591369
1,0.2954126298427582,0.4182072579860687,0.2960534393787384
1,0.325100839138031,0.2086024284362793,0.4375567734241485
1,0.2388506382703781,0.3723828792572021,0.4071936309337616
1,0.3210394084453583,0.3937569558620453,0.3725156784057617
1,0.3061244487762451,0.2524369955062866,0.4011439979076385
1,0.3780955076217651,0.3226244747638702,0.4490009248256683
1,0.5128299593925476,0.4115640521049499,0.4936763346195221
1,0.2213434427976608,0.309252917766571,0.4557900726795196
1,0.2003440707921981,0.274146020412445,0.3804203867912292
1,0.2542609274387359,0.4022354781627655,0.4507724642753601
1,0.3513838648796081,0.3426878452301025,0.5117781162261963
1,0.3981338143348694,0.3441302180290222,0.4397215843200683
1,0.2944763302803039,0.2943408787250519,0.4081817269325256
1,0.3335021138191223,0.2755531072616577,0.3910828232765198
1,0.3527631759643554,0.3517016470432281,0.3996975421905517
1,0.3750079572200775,0.3816172778606415,0.5378055572509766
1,0.3108881115913391,0.2513632476329803,0.4050444066524505
1,0.3180041909217834,0.2395533174276352,0.4732737839221954
1,0.2593773603439331,0.2822991907596588,0.3759917616844177
1,0.2649262547492981,0.3004719614982605,0.3544588983058929
1,0.3355752825736999,0.4238885343074798,0.3915934264659881
1,0.321120947599411,0.3067229688167572,0.3457552194595337
1,0.2972879707813263,0.2457519918680191,0.4025525152683258
1,0.2749961912631988,0.3818362951278686,0.3991826772689819
1,0.3917460441589355,0.2642402350902557,0.5200187563896179
1,0.5161147713661194,0.3983321785926819,0.3680213093757629
1,0.3621179163455963,0.4205202162265777,0.4217888414859772
1,0.3067347407341003,0.2999090850353241,0.4686426520347595
1,0.3340601325035095,0.385888934135437,0.4010105729103088
1,0.3220097720623016,0.3862287402153015,0.3898780047893524
1,0.2593971490859985,0.2754998803138733,0.3124271333217621
1,0.5485728979110718,0.3845010995864868,0.4837637543678283
1,0.4324230253696441,0.3332031071186065,0.3634891211986542
1,0.3304683864116668,0.2517622709274292,0.4217897057533264
1,0.3507107496261596,0.349725604057312,0.4254542887210846
1,0.254870742559433,0.3591165542602539,0.5074014067649841
1,0.2701916098594665,0.2639991044998169,0.3581763207912445
1,0.3604010343551636,0.2291212528944015,0.3259482681751251
1,0.4139726161956787,0.3391840755939483,0.4913623332977295
1,0.2871211171150207,0.2812593281269073,0.3244150280952453
1,0.3348232805728912,0.2824434638023376,0.4539565742015838
1,0.2780357003211975,0.2608621120452881,0.3342694342136383
1,0.2479053437709808,0.2650764584541321,0.4266090095043182
1,0.3896311819553375,0.2706009149551391,0.3809447288513183
1,0.2086359411478042,0.2242768555879593,0.4111367166042328
1,0.4275324642658233,0.2565978765487671,0.451619803905487
1,0.3071145117282867,0.3078444004058838,0.2707431614398956
1,0.2625828385353088,0.4305599927902221,0.2728555798530578
1,0.2653927803039551,0.387477308511734,0.375240683555603
1,0.330584704875946,0.284822016954422,0.2810201644897461
1,0.2648613452911377,0.2404100447893142,0.3436161875724792
1,0.2216350436210632,0.3285634815692901,0.4739195108413696
1,0.2833326160907745,0.2251061052083969,0.4186891615390777
1,0.3461047708988189,0.3559384942054748,0.32256019115448
1,0.2710327208042145,0.3068870007991791,0.3218507766723633
1,0.3081847429275512,0.4036808609962463,0.4133758246898651
1,0.4513423144817352,0.3182596266269684,0.3880506753921509
1,0.271853357553482,0.3474864959716797,0.3908240497112274
1,0.1718688607215881,0.3967637717723846,0.4105808436870575
1,0.3456548452377319,0.3512282073497772,0.4178416132926941
1,0.2195377796888351,0.3067527413368225,0.3976864218711853
1,0.3063466250896454,0.2733888030052185,0.3455698192119598
1,0.3684410750865936,0.3556945025920868,0.3791270554065704
1,0.1681544333696365,0.2765313982963562,0.3344017565250397
1,0.2720323503017425,0.300280898809433,0.4226678311824798
1,0.218100368976593,0.271562248468399,0.2766412496566772
1,0.4446751177310943,0.467739462852478,0.3232927620410919
1,0.2964055240154266,0.3849019706249237,0.4199242889881134
1,0.3443157970905304,0.3945391774177551,0.4146260917186737
1,0.2772606611251831,0.2752027213573456,0.4808854758739471
1,0.4341296553611755,0.3130154907703399,0.4396164119243622
1,0.268926054239273,0.2695392966270447,0.247145801782608
1,0.3280307054519653,0.2411913573741912,0.3605227768421173
1,0.2744874954223633,0.3288989663124084,0.4384935200214386
1,0.3949111104011535,0.2914595603942871,0.3562779426574707
1,0.2817600965499878,0.3511784374713897,0.363357812166214
1,0.2571955323219299,0.2416124939918518,0.3698567748069763
1,0.3789632022380829,0.3186846971511841,0.3786454200744629
1,0.3664529621601105,0.371013730764389,0.4625525176525116
1,0.3324090540409088,0.4007103741168976,0.3941200673580169
1,0.3976615965366363,0.3050335943698883,0.3266786932945251
1,0.3197695612907409,0.2344278395175933,0.4031806886196136
1,0.3142964839935303,0.3273396790027618,0.4828019440174103
1,0.2866378724575043,0.2282002121210098,0.4207887649536133
1,0.4754939377307892,0.3677262365818023,0.4244246184825897
1,0.2118602097034454,0.3006751239299774,0.4120341539382934
1,0.2132314592599868,0.2850511074066162,0.4101674556732178
1,0.2766066789627075,0.3712793290615082,0.4138983786106109
1,0.3330118358135223,0.2515197694301605,0.3827220499515533
1,0.3383747935295105,0.4503960013389587,0.4635910093784332
1,0.2944180369377136,0.2684389352798462,0.3815656900405884
1,0.3145303726196289,0.3139565587043762,0.3978955149650574
1,0.2397416830062866,0.3626237511634826,0.3912444710731506
1,0.2202536612749099,0.2944261431694031,0.2988367080688476
1,0.3581207692623138,0.2652648091316223,0.4561895132064819
1,0.3035452961921692,0.3408148288726806,0.4398184418678283
1,0.3236441016197204,0.2614912688732147,0.3758181929588318
1,0.3719986379146576,0.3061290979385376,0.3575900495052337
1,0.4172610640525818,0.2834250032901764,0.4431420564651489
1,0.3562363982200622,0.311856597661972,0.4602388739585876
1,0.2779242694377899,0.2140075266361236,0.4718086421489715
1,0.319772720336914,0.2735161185264587,0.4508146941661834
1,0.3257504105567932,0.146099179983139,0.2456662952899933
1,0.1760203838348388,0.3512335419654846,0.4127513468265533
1,0.3151076734066009,0.3832843005657196,0.4537253975868225
1,0.4249457418918609,0.2253319770097732,0.3836422264575958
1,0.2350674271583557,0.3035672903060913,0.4030404090881347
1,0.1655454039573669,0.2797669470310211,0.2935577630996704
1,0.2977283000946045,0.3935771882534027,0.3921772837638855
1,0.2055021673440933,0.3444308042526245,0.5162577033042908
1,0.3418127298355102,0.246745228767395,0.3991664350032806
1,0.2952885925769806,0.3906248807907104,0.4284954965114593
1,0.4741271734237671,0.2620507180690765,0.4023688733577728
1,0.3049686551094055,0.325580358505249,0.386172890663147
1,0.4139187633991241,0.3477179706096649,0.3336175084114074
1,0.4493592977523803,0.3413569033145904,0.4213452339172363
1,0.3783071637153625,0.2670921683311462,0.4355578422546386
1,0.2800447642803192,0.2782721221446991,0.3184799253940582
1,0.4252344071865082,0.4001975059509277,0.3795633912086487
1,0.3189393579959869,0.3119883239269256,0.418142557144165
1,0.2169879078865051,0.3698251843452453,0.3573909103870392
1,0.2497677206993103,0.2524779438972473,0.3519374132156372
1,0.2466043978929519,0.3759926557540893,0.335483193397522
1,0.432280570268631,0.2787245213985443,0.4081935584545135
1,0.2194163799285888,0.317731499671936,0.3953206837177276
1,0.2653709352016449,0.296887457370758,0.3505719602108001
1,0.2428526729345321,0.2686322927474975,0.413219690322876
1,0.3461661338806152,0.2445977628231048,0.366642415523529
1,0.3582190275192261,0.3545289635658264,0.3459693789482116
1,0.3159806430339813,0.258071094751358,0.3260281383991241
1,0.2010653764009475,0.3023189604282379,0.3440806865692138
1,0.1757396757602691,0.2597472071647644,0.3629362881183624
1,0.2549926936626434,0.2521223723888397,0.4854456782341003
1,0.2120759189128875,0.2868755459785461,0.2481114268302917
1,0.24702188372612,0.311440646648407,0.3131938874721527
1,0.3641856610774994,0.2757008373737335,0.453990489244461
1,0.2377094030380249,0.3137227296829223,0.4008633494377136
1,0.4324446022510528,0.2377165853977203,0.3805921673774719
1,0.2048171013593673,0.4718953371047973,0.3308504521846771
1,0.266968160867691,0.3074206113815307,0.3432728946208954
1,0.2731781303882599,0.2406395673751831,0.2870075702667236
1,0.365233451128006,0.2924911379814148,0.5098115801811218
1,0.3063260912895202,0.2472740262746811,0.4247773289680481
1,0.2957446873188019,0.3440411984920501,0.430564284324646
1,0.2537881135940552,0.1681628972291946,0.2478711605072021
1,0.254279226064682,0.2946227788925171,0.3320623636245727
1,0.3184363842010498,0.3800691068172455,0.3903929591178894
1,0.3956057429313659,0.2506381869316101,0.4925621151924133
1,0.3309176564216614,0.2987221777439117,0.4131740033626556
1,0.2456298172473907,0.1668425053358078,0.3633525371551513
1,0.2312634289264679,0.3236822485923767,0.3616813123226166
1,0.2813442051410675,0.4108691811561584,0.4223485887050628
1,0.323903888463974,0.3562273681163788,0.3453481793403625
1,0.3171388804912567,0.2874386608600616,0.3807210624217987
1,0.3187939822673797,0.352164089679718,0.526025116443634
1,0.244464173913002,0.3236600160598755,0.3943615853786468
1,0.228677362203598,0.3579450249671936,0.3831980526447296
1,0.4941496849060058,0.3794102966785431,0.3770919144153595
1,0.3928399980068207,0.2843691110610962,0.2784397602081299
1,0.2296209037303924,0.3387152254581451,0.3936874866485595
1,0.3353139162063598,0.3711208701133728,0.3864745199680328
1,0.311996579170227,0.3397285938262939,0.4344230890274048
1,0.2900940179824829,0.3872437179088592,0.4241447746753692
1,0.2702111303806305,0.3112373054027557,0.3314214944839477
1,0.2086362242698669,0.2068690210580825,0.4129594564437866
1,0.3594623208045959,0.327179878950119,0.5008530616760254
1,0.2173022627830505,0.2774032652378082,0.3397851884365082
1,0.3393082320690155,0.2551345527172088,0.384295791387558
1,0.3325389623641968,0.1579204946756363,0.2780507206916809
1,0.2133723795413971,0.2850204706192016,0.4598117470741272
1,0.3929044604301452,0.3776641190052032,0.4033731818199157
1,0.2307654917240142,0.260166585445404,0.4558541178703308
1,0.3635803759098053,0.3719637095928192,0.3339503407478332
1,0.4220351278781891,0.3069238662719726,0.4381107687950134
1,0.3255942165851593,0.299961656332016,0.2872518002986908
1,0.4577966928482055,0.2407727688550949,0.3491564989089966
1,0.3002554178237915,0.2690110504627228,0.4034615159034729
1,0.3034344613552093,0.31464684009552,0.3386193513870239
1,0.247812733054161,0.3327339589595794,0.3459848165512085
1,0.3282211124897003,0.2705856263637543,0.4252644777297973
1,0.3466338813304901,0.3000098764896393,0.4251718521118164
1,0.3206927180290222,0.369266539812088,0.3413947522640228
1,0.382973164319992,0.2325835525989532,0.3974721431732178
1,0.3722959160804748,0.326273113489151,0.3525102436542511
1,0.3404416441917419,0.4180365800857544,0.428071528673172
1,0.4157234132289886,0.32633176445961,0.4520324170589447
1,0.1999828368425369,0.338448703289032,0.3126378655433655
1,0.3859829604625702,0.2976638972759247,0.3658748269081116
1,0.3228274881839752,0.2100593745708465,0.3724699318408966
1,0.3618104457855224,0.4404162168502807,0.4664251804351806
1,0.173019602894783,0.2833922505378723,0.3521498143672943
1,0.3142372965812683,0.3857180774211883,0.4917015135288238
1,0.2828173041343689,0.3687318861484527,0.329142689704895
1,0.3512637615203857,0.4060721099376678,0.3840259611606598
1,0.2754848003387451,0.2996042668819427,0.3729911148548126
1,0.379460722208023,0.2648913264274597,0.4714510142803192
1,0.4054322242736816,0.2732366919517517,0.431484967470169
1,0.3838981986045837,0.3902805745601654,0.4241039752960205
1,0.3058986067771911,0.2519298493862152,0.3539633750915527
1,0.3515138030052185,0.3301309645175934,0.5138110518455505
1,0.2977324724197387,0.3692376911640167,0.3398271799087524
1,0.3298720121383667,0.3874744474887848,0.4485571682453155
1,0.3168155252933502,0.1944404989480972,0.3107661008834839
1,0.3572113215923309,0.2420954257249832,0.4211599826812744
1,0.4178754687309265,0.2626780867576599,0.5239323377609253
1,0.2762992978096008,0.2449804544448852,0.4340339601039886
1,0.2705419659614563,0.4364504218101501,0.4013569951057434
1,0.2170182913541793,0.2524391114711761,0.2415426671504974
1,0.4239777028560638,0.4399399161338806,0.2778875827789306
1,0.201894074678421,0.187400534749031,0.2226193845272064
1,0.303073525428772,0.2690722346305847,0.4054838716983795
1,0.3951819241046905,0.2892469465732574,0.4361157417297363
1,0.2514041662216186,0.2814428806304931,0.3635833859443664
1,0.2443109005689621,0.279171347618103,0.4240911602973938
1,0.1668002307415008,0.2643931806087494,0.4242460131645202
1,0.2736021280288696,0.2943346202373504,0.3753750026226043
1,0.3401939868927002,0.3249728083610534,0.3605948984622955
1,0.2401044815778732,0.4245602488517761,0.4262268841266632
1,0.2392461001873016,0.307652086019516,0.3883681893348694
1,0.4524218738079071,0.2215313017368316,0.3836478590965271
1,0.3796586990356445,0.3642281591892242,0.344892680644989
1,0.2345108836889267,0.3776820302009582,0.4354879856109619
1,0.4154143631458282,0.2594757676124573,0.4275758564472198
1,0.2680285274982452,0.2523264288902282,0.3209410905838012
1,0.2086494117975235,0.3539208173751831,0.459149032831192
1,0.238370344042778,0.2501411139965057,0.3764157891273498
1,0.3564472496509552,0.3291246294975281,0.3759874999523163
1,0.3267370462417602,0.2583349347114563,0.4717274308204651
1,0.3488465249538421,0.3361363708972931,0.472037672996521
1,0.3297190964221954,0.4179673492908478,0.3728257119655609
1,0.3474814891815185,0.3687266707420349,0.3400762677192688
1,0.3126494288444519,0.2821035385131836,0.3141249120235443
1,0.2970566153526306,0.2634708881378174,0.2679705917835235
1,0.2416901290416717,0.2574304044246673,0.5023742318153381
1,0.2908565402030945,0.212570235133171,0.3527955710887909
1,0.2943936884403229,0.2364127188920974,0.3444010615348816
1,0.3519037961959839,0.40251624584198,0.354392260313034
1,0.2557997107505798,0.2308256775140762,0.2874121963977813
1,0.3549491763114929,0.2442320585250854,0.4824483096599579
1,0.2472938299179077,0.3072591125965118,0.3358834385871887
1,0.2212699204683303,0.2866049110889435,0.4639904797077179
1,0.3108223378658294,0.2463280111551284,0.3715118765830993
1,0.2942121922969818,0.398042768239975,0.3544435799121856
1,0.2360333949327469,0.2626232206821441,0.4306956231594085
1,0.3718318343162536,0.2420316338539123,0.4119958281517029
1,0.2145462334156036,0.250603049993515,0.3870401680469513
1,0.4182151257991791,0.2634148895740509,0.423495203256607
1,0.3954803943634033,0.4388486742973327,0.2368714064359665
1,0.3420193791389465,0.2541238665580749,0.4478303492069244
1,0.3158576786518097,0.2278032600879669,0.3930858373641968
1,0.21973717212677,0.2523995041847229,0.4720240533351898
1,0.2981632947921753,0.2995449602603912,0.2911640107631683
1,0.2958850264549255,0.3107379078865051,0.4420716166496277
1,0.3134767711162567,0.2665799558162689,0.4396239817142486
1,0.2406668812036514,0.3177351355552673,0.3880508840084076
1,0.3082162141799927,0.3899076581001282,0.3206065893173218
1,0.2397246211767196,0.2555544674396515,0.2839898467063904
1,0.4076944887638092,0.2647192776203155,0.4831733107566833
1,0.6499946713447571,0.2930516302585602,0.4368180334568023
1,0.3478319048881531,0.2585311830043793,0.4798532128334045
1,0.2586723268032074,0.2493915855884552,0.2530230283737182
1,0.2458434104919433,0.3122232556343078,0.3972446024417877
1,0.2509848773479461,0.2140185385942459,0.31159707903862
1,0.2972461879253387,0.3692308962345123,0.3966140449047088
1,0.2919794619083404,0.3128430843353271,0.4563622772693634
1,0.3250958025455475,0.3216159343719482,0.3910582661628723
1,0.339718222618103,0.3221553564071655,0.3482295870780945
1,0.3706223964691162,0.377104252576828,0.4672825634479522
1,0.4237542152404785,0.3388904929161072,0.4429872632026672
1,0.4544539451599121,0.2762203514575958,0.4552680552005768
1,0.2461666613817215,0.4308272302150726,0.494647353887558
1,0.2358903288841247,0.3862513601779938,0.3892075717449188
1,0.3071679472923279,0.3768990635871887,0.3462443053722381
1,0.3209258317947387,0.3272924423217773,0.3618230819702148
1,0.2920930683612823,0.2598688900470733,0.3617400825023651
1,0.456834465265274,0.412419855594635,0.3685615360736847
1,0.2715091407299042,0.3293360769748688,0.3307376801967621
1,0.215526670217514,0.2648301422595978,0.2929657697677612
1,0.352707952260971,0.2420553863048553,0.3821655809879303
1,0.2875673770904541,0.3220235705375671,0.3556045591831207
1,0.350682258605957,0.2848918437957763,0.2740413844585418
1,0.3010231256484985,0.3463059067726135,0.5064353942871094
1,0.2842577695846557,0.3104667365550995,0.3567768633365631
1,0.3365886211395263,0.2595318555831909,0.4855048656463623
1,0.237492948770523,0.241067424416542,0.4183458983898163
1,0.3284859955310821,0.2818632125854492,0.4478676915168762
1,0.1852359026670456,0.2741425335407257,0.3158132433891296
1,0.3866120874881744,0.3224845826625824,0.3465153872966766
1,0.3605122566223144,0.3008700609207153,0.4466856718063354
1,0.3926163911819458,0.2455415725708007,0.4797964990139007
1,0.3661376535892486,0.3442147672176361,0.4460970759391784
1,0.2481479793787002,0.2963230013847351,0.4180606305599212
1,0.4279681444168091,0.3661650717258453,0.4098222851753235
1,0.3452502787113189,0.2408723086118698,0.3709807097911834
1,0.2773598134517669,0.219122439622879,0.3936559557914734
1,0.2050313204526901,0.3341306746006012,0.3387859165668487
1,0.2462330907583236,0.2773097455501556,0.4319203495979309
1,0.2857719659805298,0.3409136235713959,0.4059528410434723
1,0.2737092077732086,0.3162747323513031,0.4246194064617157
1,0.3783566057682037,0.257064551115036,0.5047752261161804
1,0.4076290726661682,0.4219353497028351,0.4235211014747619
1,0.2145715057849884,0.2743150889873504,0.4767951369285583
1,0.4223434031009674,0.2870464324951172,0.3786408901214599
1,0.2218624353408813,0.3003419637680053,0.3890957832336426
1,0.4363751411437988,0.2646152675151825,0.3776063919067383
1,0.4402948021888733,0.2678587436676025,0.4334280490875244
1,0.3205079734325409,0.3212363123893738,0.3105809390544891
1,0.4071801304817199,0.2878153920173645,0.4405500888824463
1,0.2525631487369537,0.3424775302410126,0.4777978062629699
1,0.3506507873535156,0.2633475959300995,0.3243446052074432
1,0.2984052300453186,0.3415443897247314,0.4055779278278351
1,0.2963362336158752,0.1999728828668594,0.4292710721492767
1,0.4006831347942352,0.3412736654281616,0.3531781136989593
1,0.2517886459827423,0.1867395490407943,0.2963117361068725
1,0.3228089809417724,0.2543327510356903,0.3971967399120331
1,0.2691856324672699,0.3278000652790069,0.4023438692092895
1,0.2584227919578552,0.3345583379268646,0.453785628080368
1,0.3307490050792694,0.3810097575187683,0.4011168181896209
1,0.2894266843795776,0.3365825116634369,0.4199241399765014
1,0.4501655995845794,0.4661288261413574,0.4492134749889374
1,0.5697519779205322,0.3454217910766601,0.4261081218719482
1,0.3051812052726745,0.3675289452075958,0.4018286168575287
1,0.2334751784801483,0.4016990661621094,0.5029765963554382
1,0.2191494405269622,0.321753978729248,0.3538671433925628
1,0.3272460103034973,0.2951923608779907,0.3809490799903869
1,0.4531026780605316,0.2430508285760879,0.3745938539505005
1,0.3456970751285553,0.3546112477779388,0.3916884958744049
1,0.1845730394124984,0.251151442527771,0.4094641506671905
1,0.4533687531948089,0.3555521965026855,0.4045234620571136
1,0.2126985043287277,0.3206527531147003,0.5129855275154114
1,0.3882862031459808,0.3070912361145019,0.3750162124633789
1,0.3150443434715271,0.2971121072769165,0.4005628824234009
1,0.2989135384559631,0.3708774745464325,0.4218685030937195
1,0.2568967342376709,0.2364943623542785,0.356150358915329
1,0.3450691401958465,0.3319094479084015,0.4650474488735199
1,0.181837797164917,0.3665954172611236,0.42041876912117
1,0.4419909119606018,0.2832381129264831,0.3733869194984436
1,0.38358074426651,0.2456552386283874,0.3996826708316803
1,0.3879781365394592,0.463279664516449,0.4292973279953003
1,0.2468206584453582,0.3609680235385895,0.4256004393100738
1,0.3589656949043274,0.2536137104034424,0.2660657465457916
1,0.2990586161613464,0.3651325702667236,0.4773906171321869
1,0.3045251369476318,0.2304444015026092,0.4012135863304138
1,0.3441579341888428,0.2780268788337707,0.4325356483459472
1,0.1957133561372757,0.3098218142986297,0.4384963512420654
1,0.2500920295715332,0.514305055141449,0.2714584171772003
1,0.2577091753482818,0.27113077044487,0.3011667132377624
1,0.2650996446609497,0.1737489104270935,0.2473120391368866
1,0.373796671628952,0.2747556567192077,0.4895041286945343
1,0.3671776354312897,0.2687105238437652,0.4572930634021759
1,0.2507322430610657,0.2324822843074798,0.3711073696613312
1,0.5547748804092407,0.3632818758487701,0.4005922675132751
1,0.4675822854042053,0.4168023467063904,0.3073985576629638
1,0.3006621301174164,0.2939533293247223,0.4458031058311462
1,0.3879161775112152,0.3866904973983764,0.4274039566516876
1,0.4966899156570434,0.2828197479248047,0.4840402901172638
1,0.3152573406696319,0.3021023571491241,0.3245682418346405
1,0.2961314618587494,0.2797935903072357,0.4978939592838287
1,0.2293226271867752,0.2833633720874786,0.3881505727767944
1,0.350911945104599,0.3451981842517853,0.3343387842178345
1,0.438957929611206,0.4048731029033661,0.333277553319931
1,0.3014199435710907,0.36967933177948,0.3995230793952942
1,0.3100113868713379,0.2115952670574188,0.4235084354877472
1,0.3000832796096802,0.2266779989004135,0.3578926920890808
1,0.4015723764896393,0.3638513684272766,0.4393416941165924
1,0.3038109838962555,0.3382063806056976,0.4081692993640899
1,0.367269903421402,0.3652053773403168,0.4582255184650421
1,0.4108879566192627,0.3550704717636108,0.3292645215988159
1,0.1847564429044723,0.3079813718795776,0.4284557402133941
1,0.3989993333816528,0.300555944442749,0.3202477693557739
1,0.3382386565208435,0.2980586886405945,0.4109309911727905
1,0.340004950761795,0.4455336630344391,0.5128732919692993
1,0.4032100439071655,0.2788112759590149,0.3960668444633484
1,0.1815018355846405,0.3300739824771881,0.3732887506484985
1,0.3369888067245483,0.2240707278251648,0.3657542765140533
1,0.3426340818405151,0.3089227080345154,0.3951174318790436
1,0.2768726348876953,0.422267198562622,0.5267897844314575
1,0.4088947474956512,0.3549738824367523,0.4156595468521118
1,0.2383092194795608,0.2505448162555694,0.4026874303817749
1,0.3698536455631256,0.3425875008106231,0.3742077052593231
1,0.3657628297805786,0.3980729579925537,0.4458867609500885
1,0.3903418183326721,0.3390906751155853,0.376170814037323
1,0.3859440982341766,0.3869838416576385,0.4735755920410156
1,0.1858080327510833,0.2725222706794739,0.2976565062999725
1,0.2973987162113189,0.3062503039836883,0.445840984582901
1,0.4052987098693847,0.2400801330804824,0.3762187659740448
1,0.1693336069583892,0.2351641207933426,0.3886545300483703
1,0.166279911994934,0.4357990324497223,0.3553721308708191
1,0.3268058598041534,0.2593757808208465,0.526900053024292
1,0.3088398575782776,0.2705557942390442,0.4776750802993774
1,0.3153829574584961,0.2397952079772949,0.3991252183914184
1,0.5233003497123718,0.3166994452476501,0.5510343313217163
1,0.2986890375614166,0.2879871726036072,0.3924558460712433
1,0.2741195857524872,0.2402271926403045,0.3968521654605865
1,0.3462176620960235,0.2772709131240845,0.3853356838226318
1,0.3481536209583282,0.4748446941375732,0.318877249956131
1,0.3053071796894073,0.247094839811325,0.447168618440628
1,0.2628688216209411,0.2857609093189239,0.4666780829429626
1,0.3710227906703949,0.2635228335857391,0.4634866416454315
1,0.4232262372970581,0.2750605344772339,0.3339274525642395
1,0.1943238228559494,0.3146407902240753,0.4631005823612213
1,0.3367249667644501,0.3950282335281372,0.3147823512554168
1,0.233536496758461,0.2251248061656952,0.3362365961074829
1,0.2267524003982544,0.355407565832138,0.3884001672267914
1,0.2160719335079193,0.3244766294956207,0.4408131837844848
1,0.3130332827568054,0.2646584808826446,0.4088900983333587
1,0.1865938156843185,0.2456951439380645,0.3292729258537292
1,0.2933679521083832,0.4298137724399566,0.3517820239067077
1,0.2813403308391571,0.2331055849790573,0.3246431052684784
1,0.2816383838653564,0.2837830483913421,0.5042805075645447
1,0.3220027983188629,0.4608162939548492,0.3996115922927856
1,0.3188503682613373,0.2229969799518585,0.436687558889389
1,0.2251758873462677,0.2652652561664581,0.3737401366233825
1,0.2620702385902405,0.2842834293842315,0.4317156970500946
1,0.2334446310997009,0.3084200620651245,0.4043945372104645
1,0.2506881654262543,0.2158500403165817,0.4427703320980072
1,0.4176570177078247,0.3969837129116058,0.3855774998664856
1,0.3323610126972198,0.2153439819812774,0.3835180103778839
1,0.4553466737270355,0.4187659323215484,0.3445907831192016
1,0.3993354737758636,0.2728767096996307,0.5229259133338928
1,0.4204630255699157,0.3559698164463043,0.4251141548156738
1,0.3704070150852203,0.3999420404434204,0.3434822559356689
1,0.3237248361110687,0.2645774781703949,0.4154998958110809
1,0.1996898800134658,0.2830337285995483,0.4164137542247772
1,0.3223041892051697,0.4319973587989807,0.532699704170227
1,0.3248502910137176,0.3024066388607025,0.2915427088737488
1,0.2055287808179855,0.2476795762777328,0.4435326159000397
1,0.3817905783653259,0.3078182935714721,0.4182321429252624
1,0.4321998357772827,0.2945429682731628,0.4477028548717499
1,0.1628304868936538,0.3814446628093719,0.3295435607433319
1,0.3595640957355499,0.2474700957536697,0.421703040599823
1,0.2877347469329834,0.3495007753372192,0.3210407197475433
1,0.2892384231090545,0.2656690180301666,0.3247268199920654
1,0.3351530134677887,0.3323539197444916,0.3531425297260284
1,0.396604984998703,0.3280492424964905,0.3943000137805938
1,0.2533387541770935,0.3977761566638946,0.4463201463222503
1,0.3024771213531494,0.328225165605545,0.4821049273014068
1,0.2358443737030029,0.2960534393787384,0.3739871084690094
1,0.3505319654941559,0.3207103013992309,0.3898269534111023
1,0.2863805890083313,0.4790083765983581,0.2463444173336029
1,0.2543790340423584,0.2979929447174072,0.4414940774440765
1,0.2151800990104675,0.4178709089756012,0.5047767162322998
1,0.261829525232315,0.2737540006637573,0.3644924759864807
1,0.3398538529872894,0.1664619594812393,0.4061281383037567
1,0.3823342025279999,0.347531110048294,0.3969789445400238
1,0.2418806105852127,0.2278572171926498,0.4404150247573852
1,0.2030035704374313,0.2232858389616012,0.4662164747714996
1,0.3790219724178314,0.21664759516716,0.4428881108760834
1,0.2485367804765701,0.3068320751190185,0.2972239255905151
1,0.3456698954105377,0.4706740081310272,0.4242280423641205
1,0.4563687741756439,0.3183213472366333,0.3342157304286957
1,0.1992890983819961,0.3408726453781128,0.345240980386734
1,0.281799167394638,0.2830917239189148,0.3887656331062317
1,0.3528304994106293,0.2760706543922424,0.3275651335716247
1,0.4609235227108001,0.2617436647415161,0.3899986743927002
1,0.4001856744289398,0.1863632798194885,0.3400483429431915
1,0.2960123419761657,0.2840624451637268,0.4310111403465271
1,0.2887576520442962,0.324317455291748,0.3590317964553833
1,0.3179804682731628,0.2718383967876434,0.4802766144275665
1,0.486538290977478,0.3974248468875885,0.4292793869972229
1,0.3587938845157623,0.3752253949642181,0.4127621352672577
1,0.3161388337612152,0.3157500326633453,0.4513052701950073
1,0.2651086449623108,0.2166211158037185,0.3942533731460571
1,0.2664376497268677,0.2163804173469543,0.3031316995620727
1,0.3731411695480346,0.3384502232074737,0.3359517753124237
1,0.268110990524292,0.309813916683197,0.3083770871162414
1,0.3190909028053283,0.384623646736145,0.3775210678577423
1,0.3056813776493072,0.2922088205814361,0.4322467148303985
1,0.3800733089447021,0.2756592929363251,0.4833706617355346
1,0.1772165298461914,0.2707504034042358,0.28172367811203
1,0.2317521125078201,0.3122879564762115,0.442897230386734
1,0.2613580524921417,0.307277500629425,0.3479321897029876
1,0.2982502281665802,0.3148089647293091,0.4043196141719818
1,0.3449636399745941,0.3968257009983063,0.3778456151485443
1,0.4164882004261017,0.2274941354990005,0.3624342679977417
1,0.280238002538681,0.3529815971851349,0.4860330820083618
1,0.1893906742334365,0.2240179479122162,0.3829159438610077
1,0.2682491540908813,0.3405838310718536,0.3256092369556427
1,0.3514900505542755,0.3330433368682861,0.4668884873390198
1,0.3664538264274597,0.4000608026981354,0.3751196563243866
1,0.3182960152626037,0.2116392999887466,0.4612938463687897
1,0.426165759563446,0.3002918362617492,0.3262279331684112
1,0.3905521631240845,0.3716618716716766,0.3019555509090423
1,0.3962118625640869,0.2344435751438141,0.4085705876350403
1,0.2587778568267822,0.3301811516284942,0.3658048212528229
1,0.2006997764110565,0.2631483376026153,0.3746980130672455
1,0.2962933182716369,0.2972852289676666,0.3442727029323578
1,0.3255201876163482,0.229422241449356,0.4492091834545135
1,0.2965219020843506,0.2836142778396606,0.358482152223587
1,0.1907843351364135,0.2808976471424103,0.4020879864692688
1,0.4212265908718109,0.3986640572547912,0.4248916804790497
1,0.3901355862617492,0.2508949339389801,0.3587426841259002
1,0.385381668806076,0.3095162510871887,0.4421508312225342
1,0.2623801827430725,0.4292158186435699,0.3102419078350067
1,0.1750575900077819,0.2851893901824951,0.41138955950737
1,0.2566174864768982,0.2566733360290527,0.4721715152263641
1,0.3411265611648559,0.2108039855957031,0.4385073482990265
1,0.1851769536733627,0.2345983386039734,0.4323243200778961
1,0.1573044657707214,0.3885874450206756,0.4071337282657623
1,0.3323824107646942,0.270190417766571,0.3689309656620025
1,0.2355509102344513,0.2040211260318756,0.4214586019515991
1,0.2635684609413147,0.373612493276596,0.3495127856731415
1,0.262124091386795,0.2551867067813873,0.4147117733955383
1,0.4066299498081207,0.3387385010719299,0.2924711108207702
1,0.3677945733070373,0.2308065295219421,0.4473288953304291
1,0.2450198084115982,0.404433935880661,0.3768455982208252
1,0.2976594865322113,0.2418011724948883,0.4649415910243988
1,0.3254137933254242,0.295008897781372,0.3831901848316192
1,0.5404171347618103,0.4910374879837036,0.3437009751796722
1,0.2603187561035156,0.3484153747558594,0.3669184744358063
1,0.2187400311231613,0.2521660625934601,0.3618212044239044
1,0.2223062068223953,0.3446181416511535,0.5037643313407898
1,0.2422533631324768,0.2742321193218231,0.4053927361965179
1,0.325305312871933,0.2847444713115692,0.4184922277927398
1,0.2899999320507049,0.3192900121212005,0.3339879512786865
1,0.4486380517482757,0.3163007199764251,0.4258646070957184
1,0.3737080693244934,0.4121423363685608,0.3105499744415283
1,0.332635760307312,0.3492923080921173,0.4068064093589782
1,0.3389284908771515,0.3356260359287262,0.4737626612186432
1,0.2572031021118164,0.3259485065937042,0.3922443389892578
1,0.324622243642807,0.301817774772644,0.4840612113475799
1,0.2699981927871704,0.203465074300766,0.3675943911075592
1,0.2932494580745697,0.2571345567703247,0.49827641248703
1,0.4290640652179718,0.2904698550701141,0.4129620790481567
1,0.298711210489273,1.0,0.4404790699481964
1,0.3256099820137024,0.2701249122619629,0.4164390861988067
1,0.2295789867639541,0.2399786859750747,0.3165700733661651
1,0.3264040052890777,0.2350848466157913,0.3688001632690429
1,0.4191328883171081,0.2874922752380371,0.4822153151035309
1,0.279250293970108,0.3629657030105591,0.273426204919815
1,0.3309270441532135,0.2581630945205688,0.4333213567733764
1,0.2366306334733963,0.1915981769561767,0.3788631856441498
1,0.3344542682170868,0.3366597890853882,0.2467804700136184
1,0.2482061386108398,0.265005350112915,0.3625726699829101
1,0.2688348591327667,0.2825342118740082,0.2475871294736862
1,0.3169664740562439,0.2997849881649017,0.483407199382782
1,0.2180497050285339,0.3450274765491485,0.3207765519618988
1,0.3269175291061401,0.2742923498153686,0.3128416836261749
1,0.1976628303527832,0.4166925549507141,0.4156774282455444
1,0.3078826367855072,0.2972409427165985,0.3353830873966217
1,0.2464795261621475,0.2850889563560486,0.3949947357177734
1,0.3270415365695953,0.3291699588298797,0.324336290359497
1,0.2959333658218384,0.2487570792436599,0.3744359910488128
1,0.2874497771263122,0.3807424008846283,0.2917393743991852
1,0.3035138547420501,0.3708112835884094,0.4721612632274627
1,0.226866140961647,0.2583173513412475,0.3762401640415191
1,0.3719241023063659,0.3055584132671356,0.2830826044082641
1,0.3793149888515472,0.2817845940589905,0.4855194091796875
1,0.2360714823007583,0.3410052955150604,0.4321294128894806
1,0.2183362692594528,0.3109776377677917,0.481635183095932
1,0.2926969528198242,0.3843524158000946,0.4104599952697754
1,0.40720134973526,0.2627882361412048,0.4268328547477722
1,0.2776917815208435,0.3460399210453033,0.3774063885211944
1,0.3637520670890808,0.3294598758220672,0.3471046388149261
1,0.3100820481777191,0.3918974995613098,0.4947512149810791
1,0.252200037240982,0.2908040881156921,0.3262891173362732
1,0.1062593981623649,0.2453957498073578,0.4028596878051758
1,0.3398965001106262,0.2884502410888672,0.2454669922590255
1,0.4239508509635925,0.2862979471683502,0.5190231204032898
1,0.5826666355133057,0.2989095747470855,0.380458265542984
1,0.3952118158340454,0.3660891950130462,0.3723655045032501
1,0.2124487161636352,0.3309349119663238,0.4879414439201355
1,0.3003957569599151,0.2270057946443557,0.3583661913871765
1,0.2014820426702499,0.4469806849956512,0.4643811583518982
1,0.1717984825372696,0.337488979101181,0.3431967198848724
1,0.4326402246952057,0.2648488283157348,0.486376941204071
1,0.2942485213279724,0.3343827426433563,0.4398891627788543
1,0.2869309484958648,0.3904830813407898,0.4324584603309631
1,0.310251921415329,0.2336226403713226,0.3169162571430206
1,0.3444398045539856,0.2615241706371307,0.3297598958015442
1,0.1758663952350616,0.2860040962696075,0.2611766457557678
1,0.3934841752052307,0.2360127568244934,0.3678871691226959
1,0.3879472911357879,0.2523176074028015,0.4555270671844482
1,0.289010226726532,0.3093973398208618,0.4025714695453644
1,0.2162447571754455,0.3705384135246277,0.3495950698852539
1,0.3746516108512878,0.2570273578166961,0.3311206996440887
1,0.3413534760475158,0.2940860092639923,0.4790153205394745
1,0.4013330638408661,0.2475437223911285,0.3314158022403717
1,0.3747739493846893,0.2753464877605438,0.4389037191867828
1,0.3375449180603027,0.2672273516654968,0.4388681352138519
1,0.2308343201875686,0.26884526014328,0.3976289331912994
1,0.4134759604930877,0.3051094710826874,0.5054186582565308
1,0.3041446208953857,0.3360989689826965,0.420054167509079
1,0.2470001131296157,0.222798615694046,0.4348062872886657
1,0.3491097390651703,0.2435374557971954,0.4729110300540924
1,0.365619421005249,0.4723350405693054,0.3886842727661133
0,0.3918568789958954,0.4251384139060974,0.4268982410430908
0,0.3744448125362396,0.3683262467384338,0.2913568913936615
0,0.150162011384964,0.3349019885063171,0.4151149392127991
0,0.2704701423645019,0.2492454797029495,0.3317750990390777
0,0.138111338019371,0.5414907336235046,0.3394855856895447
0,0.232825294137001,0.2974772453308105,0.2944358587265014
0,0.3501872420310974,0.2603918313980102,0.364440381526947
0,0.3295009136199951,0.2411977350711822,0.44016233086586
0,0.2620646059513092,0.3358372151851654,0.2965990602970123
0,0.3670510947704315,0.2501755058765411,0.3438214361667633
0,0.3769323825836181,0.335848718881607,0.4393543303012848
0,0.3250276744365692,0.2535267174243927,0.469341516494751
0,0.2756783962249756,0.2661274969577789,0.454514592885971
0,0.4117353856563568,0.3348882496356964,0.3508676886558532
0,0.3081304430961609,0.3854837119579315,0.4818294942378998
0,0.3310762941837311,0.5223472118377686,0.3311697244644165
0,0.318692535161972,0.3570982813835144,0.3436603546142578
0,0.2529787719249725,0.392547458410263,0.3505727648735046
0,0.264018177986145,0.2831995487213135,0.3370297849178314
0,0.5997300148010254,0.3079299032688141,0.3948523700237274
0,0.3481429517269134,0.4564058184623718,0.314487487077713
0,0.2457828819751739,0.1949498951435089,0.3757683336734772
0,0.3054691553115845,0.3244583308696747,0.3066350221633911
0,0.3565670847892761,0.3477579653263092,0.3076711893081665
0,0.3387159407138824,0.3456524610519409,0.4147836863994598
0,0.1675728261470794,0.3354004323482513,0.3316385447978973
0,0.264860451221466,0.3199027776718139,0.2900062799453735
0,0.2454442530870437,0.288676917552948,0.3359118103981018
0,0.3313217461109161,0.2384676784276962,0.3374439179897308
0,0.3644926249980926,0.3112595975399017,0.4638889133930206
0,0.2853105664253235,0.3433629274368286,0.2987880408763885
0,0.2493844777345657,0.2507432103157043,0.367080420255661
0,0.2020145207643509,0.2781692445278168,0.3255300223827362
0,0.2463235408067703,0.303017109632492,0.2711642682552337
0,0.4805836081504822,0.3640995025634765,0.3973931074142456
0,0.4535270929336548,0.2964716255664825,0.3648061454296112
0,0.3111263215541839,0.2901486158370971,0.4532822668552398
0,0.23145492374897,0.232215940952301,0.3608452379703522
0,0.2604082822799682,0.3873319029808044,0.3355519473552704
0,0.4186596274375915,0.564235270023346,0.3464394807815552
0,0.3815671801567077,0.3519692718982696,0.3539641797542572
0,0.3986832201480865,0.3423506617546081,0.3353801369667053
0,0.2878861725330353,0.2442564219236374,0.3776326179504394
0,0.2321392148733139,0.2441466152667999,0.3930416405200958
0,0.2693336904048919,0.4154114723205566,0.3476288616657257
0,0.4960611164569855,0.4078925251960754,0.4740031957626343
0,0.521152138710022,0.4139598608016968,0.4095768332481384
0,0.3764322698116302,0.3739891350269317,0.2986341416835785
0,0.2916540801525116,0.2571310698986053,0.3639436960220337
0,0.18634694814682,0.379354327917099,0.2524406611919403
0,0.2983703911304474,0.3286621272563934,0.4449332952499389
0,0.3741963803768158,0.2292480766773224,0.4004356563091278
0,0.3731606304645538,0.3583846390247345,0.3526981472969055
0,0.3302786648273468,0.234030470252037,0.4418045580387115
0,0.3562587797641754,0.2639041244983673,0.2881732881069183
0,0.1174866110086441,0.3692954778671264,0.3812572360038757
0,0.4767893552780151,0.2948862314224243,0.3153151571750641
0,0.2711351811885834,0.4006700217723846,0.4782331883907318
0,0.283347338438034,0.2551125884056091,0.4435637593269348
0,0.3446299433708191,0.2677354514598846,0.331500768661499
0,0.3721692562103271,0.4970709085464477,0.2627288401126861
0,0.3575248122215271,0.3089866638183594,0.3268244564533233
0,0.2909132540225982,0.2988280951976776,0.4873995780944824
0,0.4326574802398681,0.4243469834327698,0.3017613291740417
0,0.2971442639827728,0.3593717515468597,0.2881151735782623
0,0.3159937262535095,0.3978604674339294,0.354841947555542
0,0.3590522706508636,0.348666101694107,0.4326222240924835
0,0.1975640952587127,0.307447999715805,0.4167979657649994
0,0.5438762307167053,0.2957992851734161,0.3179318010807037
0,0.4756111204624176,0.2757942080497741,0.4413654208183288
0,0.5301846265792847,0.3799074292182922,0.367313951253891
0,0.2532634437084198,0.4332516491413116,0.3842132091522217
0,0.3931566178798675,0.4550091624259949,0.4309407770633697
0,0.36348956823349,0.4790217280387878,0.3384525179862976
0,0.3412533700466156,0.2787653803825378,0.4417624175548553
0,0.2603151798248291,0.3950529098510742,0.416852742433548
0,0.2244072705507278,0.2055399268865585,0.3384383618831634
0,0.2356355935335159,0.4045007526874542,0.3539659678936004
0,0.2731714248657226,0.4039405584335327,0.4148570001125335
0,0.4185516536235809,0.3799098134040832,0.4198456704616546
0,0.4460163414478302,0.2557288408279419,0.3599471747875213
0,0.47785285115242,0.4418061077594757,0.3309540152549743
0,0.2286283075809478,0.2389626950025558,0.3622648417949676
0,0.3149695992469787,0.464958518743515,0.2608107030391693
0,0.3645000159740448,0.2457456588745117,0.3279055953025818
0,0.3966657221317291,0.2384797781705856,0.3419983685016632
0,0.2801553010940552,0.2322661876678466,0.3730796873569488
0,0.3749306201934814,0.2982077300548553,0.3034950196743011
0,0.3554903566837311,0.3668135404586792,0.385477602481842
0,0.2860984206199646,0.3277499973773956,0.4180774688720703
0,0.274619996547699,0.2723954617977142,0.3692278563976288
0,0.180998146533966,0.3444198966026306,0.4223038256168365
0,0.3806046545505523,0.442123681306839,0.3376657664775848
0,0.3270576596260071,0.3159189522266388,0.3331031501293182
0,0.4114575982093811,0.3131183087825775,0.391592413187027
0,0.2181292921304702,0.3073410093784332,0.4138222932815552
0,0.3417811095714569,0.4644839167594909,0.3564956188201904
0,0.371143490076065,0.4430403709411621,0.3993842005729675
0,0.3672287762165069,0.2371892929077148,0.4286926984786987
0,0.2483157813549041,0.5136055946350098,0.420620858669281
0,0.4131240248680115,0.3895534574985504,0.3203608095645904
0,0.3445993363857269,0.3247763812541961,0.3633373975753784
0,0.2150051593780517,0.2807368636131286,0.3663952052593231
0,0.4675379395484924,0.3039480745792389,0.3987914621829986
0,0.3641343116760254,0.2701199948787689,0.3229146897792816
0,0.4806221723556518,0.386235237121582,0.3352270722389221
0,0.3143903911113739,0.263530820608139,0.4364986419677734
0,0.2813653945922851,0.3694739639759063,0.4092728495597839
0,0.4155406057834625,0.2243233919143676,0.5319249033927917
0,0.3289569318294525,0.3353918194770813,0.4308412969112396
0,0.3425789177417755,0.381221055984497,0.3392874300479889
0,0.246105208992958,0.4991247653961181,0.3649001717567444
0,0.3876296877861023,0.2758223712444305,0.3724987208843231
0,0.2706963121891022,0.2856033146381378,0.4761567413806915
0,0.2305903732776641,0.2902214825153351,0.4019136428833008
0,0.261398583650589,0.3520456850528717,0.2902969419956207
0,0.343521386384964,0.2324733734130859,0.569518506526947
0,0.3516518175601959,0.2799804806709289,0.3116529583930969
0,0.3330059051513672,0.2950771749019623,0.3862872719764709
0,0.3791829943656921,0.3262308835983276,0.394026517868042
0,0.4096347093582153,0.2535095810890198,0.4241616427898407
0,0.139204517006874,0.2833660244941711,0.4311359524726867
0,0.371735543012619,0.3350637555122375,0.405748575925827
0,0.3332663178443908,0.3871747255325317,0.4274478852748871
0,0.2434050291776657,0.3688739240169525,0.2887658774852752
0,0.2103713005781173,0.2884897589683532,0.3342809379100799
0,0.3316650986671448,0.2163533568382263,0.3939392864704132
0,0.3180098533630371,0.4006863534450531,0.4198246598243713
0,0.282051146030426,0.2263216525316238,0.3765135705471039
0,0.4579774439334869,0.2958670854568481,0.3829692602157593
0,0.3605673909187317,0.2969730794429779,0.3704615831375122
0,0.2519514560699463,0.3430624902248382,0.4116040468215942
0,0.4029363989830017,0.2957280278205871,0.4521644413471222
0,0.2795117497444153,0.3572997450828552,0.5090261101722717
0,0.384244829416275,0.4096335768699646,0.4142413437366485
0,0.2911305725574493,0.4178060889244079,0.3938414752483368
0,0.3378472030162811,0.2938528656959533,0.364834576845169
0,0.2619551122188568,0.4132294654846191,0.3421185314655304
0,0.3363677561283111,0.3984469175338745,0.2341866046190261
0,0.3653844594955444,0.4166940450668335,0.3860920965671539
0,0.3307726681232452,0.4281159043312073,0.3505137264728546
0,0.1828411519527435,0.2949337661266327,0.3139600455760956
0,0.4326227605342865,0.2501082420349121,0.4229705333709717
0,0.4193566739559173,0.2942327260971069,0.3345893323421478
0,0.5133013725280762,0.2886019647121429,0.3609623908996582
0,0.2292590290307998,0.3238786160945892,0.3415165841579437
0,0.3552226126194,0.227776750922203,0.3956168889999389
0,0.2933733165264129,0.3627286553382873,0.3472385704517364
0,0.305713802576065,0.3472359776496887,0.4046978950500488
0,0.354856938123703,0.2802223861217499,0.2973334789276123
0,0.2451664060354232,0.2835958898067474,0.3735858500003814
0,0.2849704027175903,0.2842655181884765,0.3862562477588653
0,0.3587454557418823,0.2645493745803833,0.3289035856723785
0,0.2267431318759918,0.2696544826030731,0.3510529994964599
0,0.2616618275642395,0.3217999637126922,0.2084725797176361
0,0.3399198353290558,0.2966773211956024,0.3914328515529632
0,0.4711164534091949,0.3264336585998535,0.5104148387908936
0,0.299893319606781,0.2644551396369934,0.2724016606807709
0,0.3782477974891662,0.2675525844097137,0.3891592621803283
0,0.413174033164978,0.2841257750988006,0.4600772857666015
0,0.2328770905733108,0.2414117455482483,0.3140444755554199
0,0.236334815621376,0.35948646068573,0.2760289907455444
0,0.4830996692180633,0.3514739871025085,0.4349413514137268
0,0.4275712668895721,0.2986035943031311,0.3823203146457672
0,0.3600705564022064,0.4354104399681091,0.3601823449134826
0,0.3454091846942901,0.3216588199138641,0.3352789580821991
0,0.3346137106418609,0.2506168186664581,0.4046152532100677
0,0.2304793745279312,0.3089537620544433,0.3194191455841064
0,0.2106933891773224,0.3071052134037018,0.421833336353302
0,0.2121500074863433,0.2459461390972137,0.3777827322483063
0,0.4522528648376465,0.440750390291214,0.3976110816001892
0,0.1937915831804275,0.3103922605514526,0.3368225991725921
0,0.514654815196991,0.3272635042667389,0.4768918454647064
0,0.2757963538169861,0.2291336804628372,0.3910920917987823
0,0.2499333918094635,0.2528308033943176,0.3213558197021484
0,0.34981170296669,0.4683022201061249,0.3419224917888641
0,0.2600484192371368,0.3163661658763885,0.3751180768013
0,0.3428129851818084,0.283894419670105,0.3872509002685547
0,0.2762570977210998,0.4498249590396881,0.2997613549232483
0,0.3502497375011444,0.3235540390014648,0.4075395166873932
0,0.2440131455659866,0.3119146823883056,0.393142819404602
0,0.3745395839214325,0.3198222815990448,0.4530404210090637
0,0.2565152049064636,0.2961726486682892,0.373304158449173
0,0.4266195297241211,0.3397397696971893,0.4846894145011902
0,0.3081719577312469,0.4827815294265747,0.3749624490737915
0,0.233973428606987,0.2683741152286529,0.3492741286754608
0,0.4069662392139435,0.2446262240409851,0.3731168508529663
0,0.310764342546463,0.2512643337249756,0.4031757414340973
0,0.3904004096984863,0.3875823020935058,0.3597438037395477
0,0.2524307668209076,0.2725198864936828,0.3904910981655121
0,0.423545092344284,0.5604705214500427,0.2717248499393463
0,0.1732936054468155,0.2695095241069793,0.42392498254776
0,0.3725568056106567,0.318020224571228,0.41960608959198
0,0.2807008922100067,0.2412781417369842,0.34236741065979
0,0.252585232257843,0.2897388637065887,0.5090349912643433
0,0.2791588604450226,0.3435056507587433,0.3433699309825897
0,0.2263745069503784,0.1990805268287658,0.3179841339588165
0,0.2337916940450668,0.3014071881771087,0.3631108105182647
0,0.4510913491249084,0.396500825881958,0.375815600156784
0,0.2265438139438629,0.2910764515399933,0.4280475676059723
0,0.3486246466636657,0.4392184019088745,0.2422290742397308
0,0.2355758845806121,0.3352878391742706,0.3577030599117279
0,0.1775625795125961,0.1928652971982956,0.354280024766922
0,0.3016810119152069,0.2555546760559082,0.3963150680065155
0,0.3196441829204559,0.3422103822231293,0.3849651515483856
0,0.3285574615001678,0.3217889666557312,0.3696191012859344
0,0.384422242641449,0.3426345884799957,0.5176964998245239
0,0.3997937440872192,0.2744864225387573,0.3500230610370636
0,0.2900147140026092,0.2393244802951812,0.4420967996120453
0,0.3702546954154968,0.3729548752307892,0.3987579345703125
0,0.1900693327188491,0.2890099883079529,0.2377153635025024
0,0.375770092010498,0.2837366759777069,0.4957781434059143
0,0.3323114216327667,0.3111774027347564,0.3191173374652862
0,0.3141641616821289,0.4992904961109161,0.3758447468280792
0,0.2824087142944336,0.3509613871574402,0.3982733488082886
0,0.4765037894248962,0.2938556671142578,0.4157136380672455
0,0.3529586791992187,0.62928706407547,0.4048972427845001
0,0.367959201335907,0.4100562036037445,0.2791995704174042
0,0.309206873178482,0.3118517994880676,0.3578428030014038
0,0.2946774065494537,0.3261178433895111,0.3249611854553222
0,0.2068239599466323,0.3373282551765442,0.3448908030986786
0,0.3220691680908203,0.3470505774021148,0.2843117713928222
0,0.2667631804943084,0.2885608375072479,0.3604760468006134
0,0.2428577244281768,0.3784610331058502,0.4010842442512512
0,0.2889660000801086,0.2814206779003143,0.4170871078968048
0,0.2247907966375351,0.2617089748382568,0.312709629535675
0,0.4795387983322143,0.5963017344474792,0.34498330950737
0,0.2860693037509918,0.4579773247241974,0.3353334963321686
0,0.1243800893425941,0.3678005337715149,0.3641313016414642
0,0.2527563869953155,0.2533398568630218,0.3772649466991424
0,0.2495289742946624,0.2876466810703277,0.4201179444789886
0,0.3187796473503113,0.3374288380146026,0.3049638867378235
0,0.2824254631996155,0.2655690312385559,0.2997392416000366
0,0.2791042327880859,0.3827042281627655,0.3447298109531402
0,0.2812944054603576,0.4130923748016357,0.3639230728149414
0,0.5030844807624817,0.3522172272205353,0.3037798702716827
0,0.3879574239253998,0.3476438522338867,0.4699438512325287
0,0.3065155446529388,0.399515688419342,0.2535082995891571
0,0.3456177115440368,0.3005372285842895,0.4454478919506073
0,0.2522144317626953,0.3173365592956543,0.3957728445529938
0,0.319061130285263,0.275310754776001,0.3874659240245819
0,0.3611200749874115,0.3583548069000244,0.3232172429561615
0,0.3444711863994598,0.2670235335826874,0.3935952484607696
0,0.4180975258350372,0.4612510502338409,0.3210057616233825
0,0.3075652122497558,0.2293327748775482,0.4517291486263275
0,0.3965953290462494,0.2388439029455185,0.3547618687152862
0,0.3473056852817535,0.3320241272449493,0.3964520692825317
0,0.3461259007453918,0.2896767556667328,0.4758313000202179
0,0.2343421876430511,0.2687069177627563,0.3442550599575043
0,0.3952282071113586,0.3727699518203735,0.5105095505714417
0,0.2178562134504318,0.2631807625293731,0.4664497673511505
0,0.3001802861690521,0.2295683026313781,0.2999455332756042
0,0.3801349699497223,0.3749685287475586,0.4796853959560394
0,0.4285372197628021,0.4053199887275696,0.4307157397270202
0,0.2709177136421203,0.2707391679286957,0.3415123522281647
0,0.3600743114948272,0.2687254548072815,0.4970643222332001
0,0.4025355875492096,0.4202219843864441,0.5332103371620178
0,0.4163796007633209,0.2985280752182007,0.3754571378231048
0,0.3231649100780487,0.3751876354217529,0.3649486005306244
0,0.3942264914512634,0.2671292424201965,0.4993674457073211
0,0.4630236327648163,0.2638635635375976,0.3463693559169769
0,0.2912730276584625,0.2505220770835876,0.3841428458690643
0,0.305759072303772,0.3211871385574341,0.3811793327331543
0,0.2864690124988556,0.2476743459701538,0.391411542892456
0,0.2692020237445831,0.2366708815097808,0.395208865404129
0,0.3771862089633941,0.3073884546756744,0.4674608707427978
0,0.3290183246135711,0.2828283607959747,0.4399332702159881
0,0.3498867452144623,0.2866865992546081,0.3708253800868988
0,0.19111368060112,0.2921987473964691,0.3182330727577209
0,0.2573247253894806,0.4437747597694397,0.2411281466484069
0,0.4196968972682953,0.4425187706947326,0.3229811489582062
0,0.3491587340831756,0.3638695478439331,0.4619116187095642
0,0.3838502764701843,0.2962096035480499,0.3682951331138611
0,0.3400729596614837,0.3215992152690887,0.3812878131866455
0,0.2684211730957031,0.2604944407939911,0.343938261270523
0,0.2586877644062042,0.237426072359085,0.3588055968284607
0,0.2082983404397964,0.4264505207538605,0.3324942588806152
0,0.3668894469738006,0.4437864124774933,0.3382107615470886
0,0.2342531234025955,0.2739660739898681,0.4738240540027618
0,0.3034136593341827,0.2900296747684479,0.3095782697200775
0,0.2830838859081268,0.2284753769636154,0.3480721414089203
0,0.329477310180664,0.5807234048843384,0.3636398315429687
0,0.3008180856704712,0.2815165519714355,0.4272489249706268
0,0.2567159831523895,0.4352321326732635,0.353842943906784
0,0.4429157972335815,0.2813113629817962,0.4292384386062622
0,0.3470374345779419,0.3520031273365021,0.4016474485397339
0,0.3767028450965881,0.322342574596405,0.3726827204227447
0,0.2880705893039703,0.335163414478302,0.4465031921863556
0,0.273188829421997,0.2832938134670257,0.3633827567100525
0,0.3465411961078644,0.3836386799812317,0.3482241034507751
0,0.2646519839763641,0.2729695737361908,0.3760940134525299
0,0.3502511978149414,0.3151175677776336,0.2569407224655151
0,0.3441695868968963,0.1823862046003341,0.3961630165576935
0,0.4924032688140869,0.5641234517097473,0.3764156699180603
0,0.361499935388565,0.3414162993431091,0.3950629830360412
0,0.3146338760852813,0.2729807198047638,0.369680643081665
0,0.4517436623573303,0.4680530726909637,0.3938444852828979
0,0.3233907520771026,0.2135205715894699,0.5078453421592712
0,0.3346066474914551,0.3165734410285949,0.4037038683891296
0,0.3564126193523407,0.2726395428180694,0.4111703038215637
0,0.2458365112543106,0.2285626679658889,0.4832133948802948
0,0.3413595259189605,0.2879419028759002,0.3591455221176147
0,0.336616963148117,0.2981945872306824,0.3022306263446808
0,0.4601806104183197,0.3129299879074096,0.3960017263889313
0,0.2795909941196441,0.4780136346817016,0.3947840332984924
0,0.3938316702842712,0.3109314739704132,0.441157191991806
0,0.2517763972282409,0.3167948722839355,0.3727281987667084
0,0.3246325254440307,0.4383743107318878,0.3472419679164886
0,0.1776564866304397,0.3492242991924286,0.3465453684329986
0,0.3208621144294739,0.2518424987792969,0.3153936862945556
0,0.3099360764026642,0.399336576461792,0.442666083574295
0,0.3582538068294525,0.4500661194324493,0.3543621599674225
0,0.336228996515274,0.3987902998924255,0.4395853281021118
0,0.4685651361942291,0.3494384288787842,0.3733521997928619
0,0.3326301574707031,0.3063623607158661,0.3543132543563843
0,0.3754440248012543,0.3070919811725616,0.4287122189998626
0,0.3617811799049377,0.4478020071983337,0.3565911650657654
0,0.1624930799007415,0.2257555276155471,0.5097751021385193
0,0.5010600686073303,0.426943838596344,0.4344583451747894
0,0.3008645474910736,0.3567686676979065,0.2931618690490722
0,0.264750212430954,0.2332025468349456,0.3620927035808563
0,0.4141406416893005,0.332323282957077,0.3459171950817108
0,0.1874033361673355,0.3852311074733734,0.431817352771759
0,0.3921276032924652,0.2547054290771484,0.4447143077850342
0,0.2318038344383239,0.2749100625514984,0.2437554746866226
0,0.3787201344966888,0.2512486577033996,0.3364781141281128
0,0.3052367568016052,0.2881779670715332,0.4223981499671936
0,0.3016001880168915,0.2862752377986908,0.349405437707901
0,0.1548911184072494,0.3880670666694641,0.3250324428081512
0,0.4514268040657043,0.2808547616004944,0.3461144566535949
0,0.4611892104148865,0.5299395322799683,0.3113439679145813
0,0.211089015007019,0.2825801074504852,0.3937093913555145
0,0.3610342144966125,0.3139705955982208,0.4453814029693603
0,0.37471404671669,0.3268221020698547,0.3711499869823456
0,0.2753224372863769,0.3700442016124725,0.3056601583957672
0,0.3913716673851013,0.2833004593849182,0.33839151263237
0,0.28148353099823,0.3637296557426452,0.3360527157783508
0,0.4230917394161224,0.3699029386043548,0.3777548372745514
0,0.2945201694965362,0.2535564005374908,0.3523123562335968
0,0.3333390355110168,0.2853388488292694,0.3741553425788879
0,0.2648581862449646,0.2737643718719482,0.386506974697113
0,0.2981733381748199,0.3471495509147644,0.2963414192199707
0,0.3142950534820556,0.2537946403026581,0.3260431289672851
0,0.3598387837409973,0.457295149564743,0.3544435799121856
0,0.2406085580587387,0.2488255351781845,0.415528267621994
0,0.2142398357391357,0.2623509168624878,0.3334366977214813
0,0.3045766949653625,0.3504817187786102,0.4917454719543457
0,0.3599737286567688,0.2553704977035522,0.3736290633678436
0,0.4175339639186859,0.2790933549404144,0.3078510165214538
0,0.2959336340427398,0.2722465693950653,0.2618017494678497
0,0.1872462779283523,0.3685050308704376,0.3500021398067474
0,0.2849853038787842,0.4565808773040771,0.275651067495346
0,0.3258109986782074,0.2683446407318115,0.2747561931610107
0,0.3247440159320831,0.2945356070995331,0.4173107147216797
0,0.255590409040451,0.2773119211196899,0.3728979825973511
0,0.290888637304306,0.2624505460262298,0.397756427526474
0,0.3240438103675842,0.2993347942829132,0.3288576006889343
0,0.3981761038303375,0.4410662353038788,0.2778770923614502
0,0.5173256993293762,0.4760736525058746,0.4391219615936279
0,0.2357744872570037,0.2881933152675628,0.3570373356342315
0,0.5294566750526428,0.3347105979919433,0.4997415840625763
0,0.394077867269516,0.3306519091129303,0.4781928658485412
0,0.3690795600414276,0.4091977477073669,0.3998186588287353
0,0.3561866581439972,0.2831198871135711,0.4715417027473449
0,0.4281490743160248,0.2461387813091278,0.3583898544311523
0,0.407623142004013,0.2573652863502502,0.3884836137294769
0,0.2026548385620117,0.3461576998233795,0.3534308671951294
0,0.4854510724544525,0.3006252944469452,0.3985660970211029
0,0.3642343878746032,0.307535320520401,0.302084743976593
0,0.2590798437595367,0.3645437955856323,0.2367365807294845
0,0.3972452878952026,0.2944868803024292,0.4369889497756958
0,0.2983395457267761,0.3988403081893921,0.2524046897888183
0,0.3568845093250274,0.2404718101024627,0.4407489895820617
0,0.3577443063259125,0.322629302740097,0.4285657405853271
0,0.332634836435318,0.3199367225170135,0.3807764947414398
0,0.3014966249465942,0.4651404321193695,0.3699255883693695
0,0.3715740740299225,0.2729976773262024,0.3661797344684601
0,0.4245737195014953,0.2380433678627014,0.3802360892295837
0,0.4159038662910461,0.1986759901046753,0.4344691932201385
0,0.4317725002765655,0.2857391536235809,0.4549171328544616
0,0.2923844158649444,0.3841447532176971,0.2073607742786407
0,0.4340660274028778,0.4442559778690338,0.303678423166275
0,0.3799492120742798,0.3233548402786255,0.4166729748249054
0,0.309709221124649,0.2777675688266754,0.3823307156562805
0,0.3866170346736908,0.2375927418470382,0.4849146008491516
0,0.288691759109497,0.2372781634330749,0.4504913985729217
0,0.3951601684093475,0.3803900480270386,0.3753833174705505
0,0.289663553237915,0.4268988072872162,0.4050478041172027
0,0.3919967710971832,0.2883232831954956,0.3411382138729095
0,0.3958544433116913,0.4404157400131225,0.3266287744045257
0,0.3335486352443695,0.3093894720077514,0.4503637552261352
0,0.2213327586650848,0.3435478806495666,0.2678620517253876
0,0.2976509928703308,0.2560852766036987,0.4561106264591217
0,0.2971647381782532,0.4177682101726532,0.4130796492099762
0,0.3488833904266357,0.352217823266983,0.3713425993919372
0,0.3547991812229156,0.3111121952533722,0.4572074711322784
0,0.3422077894210815,0.436334490776062,0.3806870877742767
0,0.3856423795223236,0.4105538129806518,0.322577029466629
0,0.2352248430252075,0.2193630486726761,0.3808647692203522
0,0.3046449720859527,0.2239409685134887,0.4548971056938171
0,0.318341463804245,0.2613633871078491,0.4293715953826904
0,0.2481094598770141,0.3016951382160187,0.4418208599090576
0,0.2973822355270386,0.350663959980011,0.4840897023677826
0,0.3387370705604553,0.254735916852951,0.4266668558120727
0,0.3723937571048736,0.2706047296524048,0.4144041836261749
0,0.2056165188550949,0.3020932674407959,0.3587620258331299
0,0.279294341802597,0.2241065353155136,0.3080929815769195
0,0.3754658997058868,0.4722828269004822,0.4073730707168579
0,0.1939386278390884,0.3680154979228973,0.3555887937545776
0,0.4644007980823517,0.2953022718429565,0.2619519531726837
0,0.4833342730998993,0.2864804565906524,0.391596108675003
0,0.3068804442882538,0.4602870345115661,0.4257032871246338
0,0.3042293190956116,0.2651167213916778,0.3897464573383331
0,0.31830894947052,0.3133201599121094,0.3863785564899444
0,0.2604590058326721,0.2608799040317535,0.3191154897212982
0,0.338033527135849,0.3257367014884949,0.4632270336151123
0,0.2889392971992492,0.3631217777729034,0.3532868921756744
0,0.4051910042762756,0.3629681169986725,0.3750433027744293
0,0.3122656047344208,0.2808815538883209,0.2905028164386749
0,0.3790080547332763,0.3938499391078949,0.3118045628070831
0,0.1632546484470367,0.4376309812068939,0.3009191155433655
0,0.1932229250669479,0.2314041405916214,0.3153320848941803
0,0.2896701693534851,0.3326302468776703,0.4234912991523742
0,0.3576848804950714,0.5616011023521423,0.4065539240837097
0,0.4903472065925598,0.3896950781345367,0.3606573641300201
0,0.288554698228836,0.3120150864124298,0.2757413983345032
0,0.3505839407444,0.2636793851852417,0.4731103777885437
0,0.4403947591781616,0.3103108406066894,0.4474557340145111
0,0.3298488557338714,0.3018029332160949,0.3605504035949707
0,0.3179558515548706,0.3931761682033539,0.4826357960700989
0,0.2019844502210617,0.2993489503860473,0.3707626461982727
0,0.353927880525589,0.3633755147457123,0.3454180657863617
0,0.3781788647174835,0.3684068918228149,0.3549574911594391
0,0.3737974762916565,0.2217844873666763,0.3705130219459533
0,0.2411445081233978,0.2947996854782104,0.4346893429756164
0,0.2967259883880615,0.3828063309192657,0.280472993850708
0,0.4753185212612152,0.2484272122383117,0.4810665547847748
0,0.2772652804851532,0.3080847561359405,0.3073004782199859
0,0.3974452316761017,0.2841752171516418,0.2615048289299011
0,0.3612806797027588,0.4000747501850128,0.392874538898468
0,0.3120976388454437,0.2811734974384308,0.4403326213359833
0,0.4113665521144867,0.2939712107181549,0.4931856095790863
0,0.3832543790340423,0.2997386157512665,0.4255251288414001
0,0.3147635459899902,0.2869700789451599,0.4799080193042755
0,0.3318733870983124,0.3384009599685669,0.4476516544818878
0,0.3607430160045624,0.3587584793567657,0.3579409122467041
0,0.1480763405561447,0.2725419998168945,0.3220941722393036
0,0.2789756953716278,0.6720698475837708,0.4358948171138763
0,0.2913215458393097,0.3354300558567047,0.3098058104515075
0,0.4094293415546417,0.3218309879302978,0.3594492375850677
0,0.3184629082679748,0.3319151103496551,0.3258471488952636
0,0.4597518742084503,0.3030479252338409,0.3812052309513092
0,0.4026091694831848,0.247286170721054,0.3343653976917267
0,0.2286550253629684,0.2906550168991089,0.3777202367782593
0,0.2068346887826919,0.3005255162715912,0.374574065208435
0,0.3075850307941437,0.3093653321266174,0.3249557316303253
0,0.2835317254066467,0.2796643376350403,0.2687739729881286
0,0.3613842129707336,0.278207004070282,0.2818115651607513
0,0.3521087169647217,0.3812552988529205,0.2975012063980102
0,0.3209916651248932,0.3295679688453674,0.425979882478714
0,0.2593567669391632,0.3023343086242676,0.3740848004817962
0,0.1911443024873733,0.2588730454444885,0.374041885137558
0,0.3435194492340088,0.374258816242218,0.435773491859436
0,0.3446326851844787,0.3103097379207611,0.3164324462413788
0,0.3668279945850372,0.4164144992828369,0.3921909928321838
0,0.3525088429450989,0.2066044360399246,0.373654693365097
0,0.4433458149433136,0.195344477891922,0.4345407783985138
0,0.2851806879043579,0.3004609942436218,0.3997475504875183
0,0.3188891410827636,0.4104195535182953,0.4248547255992889
0,0.2409721463918686,0.2489246726036071,0.3570743203163147
0,0.3154467642307281,0.2049838155508041,0.4523921906948089
0,0.3623215854167938,0.2488405257463455,0.3798988461494446
0,0.3566377460956573,0.3144707977771759,0.4727129936218261
0,0.3213515877723694,0.3456129431724548,0.3788285553455353
0,0.4049940407276153,0.3045021891593933,0.4249970316886902
0,0.2569911479949951,0.2138018310070037,0.3532726466655731
0,0.4068810045719147,0.3276529014110565,0.2634044885635376
0,0.3470762968063354,0.282863974571228,0.5125957131385803
0,0.2203056365251541,0.4256133437156677,0.4148970246315002
0,0.260108083486557,0.3548713028430938,0.3260121643543243
0,0.228811040520668,0.5199663639068604,0.2215524166822433
0,0.1952678561210632,0.2974866926670074,0.3379510343074798
0,0.3307045698165893,0.2499696463346481,0.4132336676120758
0,0.3144669830799103,0.2794368267059326,0.4251894950866699
0,0.3598746657371521,0.3315619826316833,0.3775025010108948
0,0.2368262559175491,0.2238664627075195,0.3225771188735962
0,0.3382414579391479,0.3619454801082611,0.2823586463928222
0,0.3427656292915344,0.2888858616352081,0.4358477294445038
0,0.2478551119565963,0.3266839981079101,0.2935163974761963
0,0.31645667552948,0.297328770160675,0.3649016916751861
0,0.3143337368965149,0.3476431369781494,0.4303522706031799
0,0.2752851545810699,0.2746899425983429,0.3115159869194031
0,0.314167857170105,0.3357264697551727,0.4654572010040283
0,0.4385764896869659,0.2981041371822357,0.4977794885635376
0,0.2865327894687652,0.3024949729442596,0.3929805755615234
0,0.2155187129974365,0.298988938331604,0.3348295390605926
0,0.309135228395462,0.2811234593391418,0.4218822717666626
0,0.4519048929214477,0.3920103311538696,0.3063374161720276
0,0.435799777507782,0.3134729564189911,0.4324511885643005
0,0.2220007479190826,0.3446306586265564,0.3661725223064422
0,0.275065928697586,0.2673599123954773,0.3081472814083099
0,0.2285823971033096,0.4717772006988525,0.3779809474945068
0,0.3902250230312347,0.3005706667900085,0.3262358009815216
0,0.2788489758968353,0.3522157371044159,0.3308276832103729
0,0.241476759314537,0.2878647744655609,0.4324098825454712
0,0.247535303235054,0.2779484987258911,0.368599534034729
0,0.3064917623996734,0.3297386467456817,0.4341203868389129
0,0.3696079850196838,0.3104279935359955,0.3963692188262939
0,0.3128326535224914,0.31151083111763,0.4840295314788818
0,0.3486653566360473,0.3556106686592102,0.2996903657913208
0,0.3265180289745331,0.3264292776584625,0.3697612285614013
0,0.3807376325130462,0.3349689543247223,0.452240377664566
0,0.2532230913639068,0.2777465581893921,0.3804862201213836
0,0.2965891063213348,0.2872379124164581,0.3295172154903412
0,0.4087342321872711,0.3646644651889801,0.3877902925014496
0,0.3095829486846924,0.3761367499828338,0.4285987317562103
0,0.2823186218738556,0.3202569484710693,0.2979688942432403
0,0.2906608879566192,0.2292123585939407,0.3684717714786529
0,0.2015693634748459,0.2701073288917541,0.3841011524200439
0,0.411717414855957,0.497903972864151,0.4297270774841308
0,0.3581010699272156,0.4252371191978454,0.324205219745636
0,0.3248079419136047,0.2459451258182525,0.3688468635082245
0,0.3006660342216491,0.3535007238388061,0.3082645237445831
0,0.2407376766204834,0.3362784683704376,0.4101222455501556
0,0.2342237383127212,0.4308552742004394,0.2643435299396515
0,0.3370920419692993,0.3394530117511749,0.4328577220439911
0,0.4273334741592407,0.2836087942123413,0.412110298871994
0,0.2816377282142639,0.4273057878017425,0.4120625853538513
0,0.3703880310058594,0.3561069369316101,0.366278201341629
0,0.2603617310523987,0.19760662317276,0.354556679725647
0,0.2088743895292282,0.311727374792099,0.3676303327083587
0,0.3878700137138366,0.4987281858921051,0.4974072575569153
0,0.3689449727535248,0.2903679311275482,0.4611518085002899
0,0.394419252872467,0.3480394780635834,0.3112127184867859
0,0.403063952922821,0.3818930089473724,0.4145819842815399
0,0.282500684261322,0.252252459526062,0.3741503357887268
0,0.404794842004776,0.4153040945529938,0.4882600903511047
0,0.3182223439216614,0.3044954538345337,0.3196313977241516
0,0.2900241613388061,0.2665062248706817,0.3973253965377807
0,0.3113109469413757,0.3749151229858398,0.3598912358283996
0,0.3580767512321472,0.3288133442401886,0.4435621201992035
0,0.3215691149234772,0.2671646773815155,0.3150664865970611
0,0.3472238183021545,0.4246467649936676,0.3893982172012329
0,0.2384210675954818,0.227621853351593,0.3537719547748565
0,0.3497048020362854,0.2144438028335571,0.3969575762748718
0,0.1851875185966491,0.2778826057910919,0.3763349652290344
0,0.3580564558506012,0.3422985374927521,0.3775230646133423
0,0.3040586113929748,0.2300944477319717,0.3626905381679535
0,0.2123626470565796,0.2682729959487915,0.3739994764328003
0,0.2252213954925537,0.445027232170105,0.4478657841682434
0,0.4021174907684326,0.2721263766288757,0.4244938790798187
0,0.3215660750865936,0.544722318649292,0.2804092466831207
0,0.4536322057247162,0.5686631202697754,0.3887039422988891
0,0.316012293100357,0.4720523655414581,0.2660127580165863
0,0.2948719561100006,0.3309950828552246,0.3440960645675659
0,0.3151075541973114,0.3589299619197845,0.3819855451583862
0,0.3522995114326477,0.2888603806495666,0.4213866293430328
0,0.3711873590946197,0.4078618288040161,0.3835956752300262
0,0.4076443016529083,0.273444652557373,0.3801348805427551
0,0.394505500793457,0.3847841918468475,0.3447610735893249
0,0.3423265814781189,0.4121242463588714,0.445405513048172
0,0.3017802536487579,0.2978075742721557,0.3915713429450989
0,0.3725327849388122,0.2809946537017822,0.3966641724109649
0,0.4912634491920471,0.5979069471359253,0.2762865722179413
0,0.3497167825698852,0.3594862520694732,0.3792760074138641
0,0.4229412972927093,0.3507997095584869,0.3509958684444427
0,0.1876927614212036,0.3627703487873077,0.3642808496952057
0,0.3560833632946014,0.333486795425415,0.354070633649826
0,0.3391762673854828,0.3931857645511627,0.3592352569103241
0,0.3937160670757293,0.2534909248352051,0.419666975736618
0,0.1263568848371505,0.3907518684864044,0.3718786239624023
0,0.4429624676704407,0.2589926421642303,0.3879157602787018
0,0.2459636777639389,0.2822335362434387,0.4172107577323913
0,0.3900500833988189,0.3372977972030639,0.2333309352397918
0,0.3478708863258362,0.3768400549888611,0.4702990651130676
0,0.3311060965061188,0.2995128631591797,0.3869433999061584
0,0.2695003747940063,0.3051538169384002,0.3106500208377838
0,0.204862043261528,0.1922152042388916,0.4592105448246002
0,0.255022794008255,0.4205947816371918,0.3737082183361053
0,0.2911264598369598,0.3373575806617737,0.3039324581623077
0,0.3996978402137756,0.2784308195114136,0.4230450987815857
0,0.2794341444969177,0.4264683425426483,0.3730365633964538
0,0.2176049649715423,0.2286905348300933,0.3552368283271789
0,0.2970530390739441,0.3599259257316589,0.2793489694595337
0,0.3270666897296905,0.2828573882579803,0.3929345607757568
0,0.4759696424007416,0.5058367252349854,0.3470085263252258
0,0.3038013279438019,0.2918510437011719,0.4563237726688385
0,0.3321328163146972,0.2646049857139587,0.3430264592170715
0,0.4163804650306701,0.2567683756351471,0.5018601417541504
0,0.1380101591348648,0.3361842930316925,0.2553234100341797
0,0.4072801768779754,0.3759054541587829,0.4188862144947052
0,0.190770074725151,0.2775823175907135,0.4422712624073028
0,0.3042648136615753,0.3673690855503082,0.3275434076786041
0,0.3665536940097809,0.2480540722608566,0.3723019063472748
0,0.3499526381492615,0.4302975535392761,0.3430870473384857
0,0.2966753244400024,0.3612919151782989,0.3226643800735473
0,0.5531623363494873,0.3922821879386902,0.4378033280372619
0,0.279216468334198,0.4273106157779693,0.4204484522342682
0,0.3911233842372894,0.4446171820163727,0.3987117409706116
0,0.3269312083721161,0.2437669336795807,0.4237129688262939
0,0.3126544952392578,0.2319319248199463,0.3807756900787353
0,0.2224403768777847,0.2495480328798294,0.3268867433071136
0,0.1797099262475967,0.4798591136932373,0.3149625062942505
0,0.2586481869220733,0.3379437029361725,0.2141260802745819
0,0.4112188816070556,0.2590560913085937,0.4386504590511322
0,0.3971290290355682,0.2473732829093933,0.4177684187889099
0,0.2299832254648208,0.3268870115280151,0.3367706835269928
0,0.4018130600452423,0.3161147534847259,0.5399450659751892
0,0.2051793783903122,0.375494122505188,0.35488161444664
0,0.232459470629692,0.4006362855434418,0.339167982339859
0,0.3458593785762787,0.2921916246414184,0.3897650241851806
0,0.3707123398780823,0.6217935681343079,0.4139766693115234
0,0.3131886422634125,0.3252136707305908,0.3721390664577484
0,0.2158102393150329,0.4490125477313995,0.3427505791187286
0,0.1460975408554077,0.42799973487854,0.2989284098148346
0,0.4010265171527862,0.3920457065105438,0.4197966754436493
0,0.3222078680992126,0.2321315854787826,0.3353587985038757
0,0.4409781396389007,0.2677969634532928,0.3942966759204864
0,0.2142105847597122,0.3073189258575439,0.378192126750946
0,0.2795628905296325,0.4145979881286621,0.3925025463104248
0,0.468775600194931,0.3166581690311432,0.4447305500507355
0,0.3870710134506225,0.3384658694267273,0.5316729545593262
0,0.459680825471878,0.3835375607013702,0.4338560402393341
0,0.3322513699531555,0.3027361035346985,0.4237934350967407
0,0.268372118473053,0.2541795969009399,0.3784332871437073
0,0.3299812078475952,0.2757758498191833,0.349031001329422
0,0.3817265927791595,0.3406751155853271,0.356302410364151
0,0.2463633865118026,0.2878459990024566,0.3865143656730652
0,0.2924051582813263,0.3250429630279541,0.344280332326889
0,0.2209946662187576,0.3930240869522095,0.4633024334907532
0,0.2940161228179931,0.3392325341701507,0.3878418803215027
0,0.2848949134349823,0.2893697917461395,0.3858341574668884
0,0.1837154924869537,0.3682724833488464,0.35266774892807
0,0.4904661476612091,0.3381484448909759,0.4537103474140167
0,0.374424010515213,0.2258965373039245,0.3366809487342834
0,0.3094945847988128,0.3465354144573211,0.3458753228187561
0,0.1892584264278412,0.2526221871376037,0.3427422344684601
0,0.2867761254310608,0.4069818556308746,0.3240852653980255
0,0.2245894968509674,0.3232070505619049,0.4280429780483246
0,0.3409091830253601,0.5530416965484619,0.3341364562511444
0,0.3561326861381531,0.3180470168590545,0.3975575268268585
0,0.4476626515388489,0.3479847013950348,0.3077764213085174
0,0.2740046977996826,0.3894930481910705,0.3385855555534363
0,0.1400521993637085,0.1853978633880615,0.3514981567859649
0,0.242096409201622,0.4393568038940429,0.2064782232046127
0,0.3350898623466491,0.3049343824386596,0.371755987405777
0,0.385101854801178,0.2492175549268722,0.3906824886798858
0,0.2827374935150146,0.3984133303165436,0.255898118019104
0,0.3483404815196991,0.359733372926712,0.4294361770153045
0,0.4413696229457855,0.2343950718641281,0.3419212400913238
0,0.4178454577922821,0.6631224155426025,0.4740628898143768
0,0.2928852438926697,0.4003758728504181,0.3961792588233948
0,0.275336354970932,0.2678412199020386,0.4588534235954284
0,0.3893670439720154,0.284110963344574,0.2950614094734192
0,0.3395698964595794,0.3144764304161072,0.5058338046073914
0,0.3535815179347992,0.3253055512905121,0.3996306955814361
0,0.2856024205684662,0.2860133051872253,0.4374614655971527
0,0.3641605973243713,0.3532395958900451,0.4187170267105102
0,0.3578672707080841,0.3940242528915405,0.3238590657711029
0,0.3407296538352966,0.290060818195343,0.424814909696579
0,0.2880058288574219,0.4444501996040344,0.3555139601230621
0,0.4740262031555176,0.2005482763051986,0.3732331991195678
0,0.3259620368480682,0.2855475842952728,0.3647236824035644
0,0.3431388735771179,0.245366171002388,0.3573077917098999
0,0.3500725030899048,0.2158563286066055,0.3277241289615631
0,0.4060788750648498,0.3146621286869049,0.4775661528110504
0,0.2965913712978363,0.2798800468444824,0.3097082376480102
0,0.2786062061786651,0.3199156820774078,0.3900918364524841
0,0.4016644656658172,0.2265223711729049,0.3719073235988617
0,0.3565938174724579,0.2898046672344208,0.3770646750926971
0,0.2473869919776916,0.2087408304214477,0.2649559378623962
0,0.46848925948143,0.4927862286567688,0.4114219844341278
0,0.4281421601772308,0.5582200288772583,0.4110284745693207
0,0.4277666509151459,0.2578057646751404,0.3951534628868103
0,0.2855945825576782,0.232870727777481,0.4454711079597473
0,0.4724105298519134,0.5886650681495667,0.363050639629364
0,0.3733165860176086,0.215827390551567,0.4283655881881714
0,0.1876118034124374,0.3689647018909454,0.2992496192455292
0,0.4075215458869934,0.3242326080799103,0.4014930129051208
0,0.2668774425983429,0.4283916652202606,0.3118520081043243
0,0.3376249074935913,0.2458542734384536,0.3956766724586487
0,0.1702486723661422,0.2392992973327636,0.4020695686340332
0,0.2422585487365722,0.4738839268684387,0.3162802159786224
0,0.2865486145019531,0.2426981329917907,0.4307788610458374
0,0.2204967141151428,0.2312130779027938,0.4193334281444549
0,0.3133037388324737,0.3203138411045074,0.2889846861362457
0,0.4359478056430816,0.2831130623817444,0.4289203286170959
0,0.3150410652160644,0.280919998884201,0.3737688064575195
0,0.3772920966148376,0.3452288210391998,0.3199340999126434
0,0.4459120333194732,0.3569693565368652,0.4751125574111938
0,0.2432658970355987,0.3961321115493774,0.387148916721344
0,0.1743276119232177,0.4408780634403229,0.3690373599529266
0,0.3535335659980774,0.236448660492897,0.3360974490642547
0,0.2669183313846588,0.3106003999710083,0.4273830354213714
0,0.25032439827919,0.3660711050033569,0.3909368813037872
0,0.2351371496915817,0.2742710411548614,0.3690929114818573
0,0.2087221890687942,0.2751244008541107,0.3372381329536438
0,0.2830100655555725,0.2666090130805969,0.3297682404518127
0,0.3144064545631408,0.3477309048175812,0.4384273290634155
0,0.2930482029914856,0.2952354550361633,0.2888985872268677
0,0.3371551632881164,0.2555938363075256,0.3792197704315185
0,0.5308412909507751,0.3805173933506012,0.3664730787277221
0,0.5305498242378235,0.3643625676631927,0.3809886872768402
0,0.3521689176559448,0.367373377084732,0.3171144723892212
0,0.1884249597787857,0.2963002026081085,0.3453648388385772
0,0.2457754909992218,0.2365219891071319,0.3662584125995636
0,0.3174557089805603,0.3239595592021942,0.375020295381546
0,0.2241171151399612,0.2206187844276428,0.3102974891662597
0,0.257270872592926,0.421653538942337,0.4410934150218963
0,0.3664302825927734,0.2345021367073059,0.4333004951477051
0,0.250872403383255,0.1806251555681228,0.185422271490097
0,0.3074316084384918,0.1921469271183014,0.3280518651008606
0,0.1433006823062896,0.2999172508716583,0.4572429358959198
0,0.3265840709209442,0.282981127500534,0.3528003692626953
0,0.329764574766159,0.3168731927871704,0.2979987859725952
0,0.3334221541881561,0.3490391671657562,0.3098635673522949
0,0.188656136393547,0.3706223964691162,0.2348584234714508
0,0.299144834280014,0.2943896651268005,0.4454836249351501
0,0.1793428063392639,0.2453135550022125,0.3223655521869659
0,0.2906381785869598,0.2881567478179931,0.3009670376777649
0,0.333551287651062,0.3149371743202209,0.2551348507404327
0,0.343823105096817,0.3220592439174652,0.5042464733123779
0,0.3802464008331299,0.2864891588687897,0.2979193031787872
0,0.275566428899765,0.414215087890625,0.4061615765094757
0,0.3083921372890472,0.4192354381084442,0.4337189495563507
0,0.3982259631156921,0.2330315113067627,0.3128129541873932
0,0.1975938081741333,0.3317588567733764,0.3187920451164245
0,0.2698196470737457,0.250240296125412,0.3978407979011535
0,0.4371825456619262,0.3766219317913055,0.4138482511043548
0,0.2329916656017303,0.283666044473648,0.2586133778095245
0,0.4015584290027618,0.3884999454021454,0.3909781575202942
0,0.4045163094997406,0.4882296621799469,0.3934409320354461
0,0.108662724494934,0.3107021749019623,0.2882686555385589
0,0.3254970014095306,0.2890017628669739,0.3511208295822143
0,0.2861556708812713,0.2755030393600464,0.3096740841865539
0,0.3242308795452118,0.2171815335750579,0.3797206878662109
0,0.3889626264572143,0.2751577198505401,0.4368968904018402
0,0.2365885525941848,0.4677422046661377,0.3911265134811401
0,0.3276110291481018,0.4565185606479645,0.4731888771057129
0,0.3108242452144623,0.2212105989456176,0.3723301291465759
0,0.2477030009031295,0.3127908706665039,0.3864392638206482
0,0.3393938541412353,0.3855969607830047,0.2637679874897003
0,0.3548997640609741,0.3161878883838653,0.3949093222618103
0,0.2546668350696563,0.2783191204071045,0.2585951685905456
0,0.1613536179065704,0.3315857350826263,0.320418506860733
0,0.3302395641803741,0.2883739173412323,0.2474356442689895
0,0.2906757891178131,0.327584832906723,0.3285882771015167
0,0.2609654366970062,0.3548784255981445,0.2733670175075531
0,0.2119437754154205,0.326494038105011,0.3987418711185455
0,0.2835565507411957,0.2158969789743423,0.5055097937583923
0,0.3090746104717254,0.2790502607822418,0.4402632713317871
0,0.2497125118970871,0.256386786699295,0.4094767868518829
0,0.364572137594223,0.2264619618654251,0.3602674305438995
0,0.2847518920898437,0.3157089948654175,0.2893271744251251
0,0.1285011321306228,0.2216891795396804,0.3526256680488586
0,0.4118035435676574,0.283691793680191,0.3545779585838318
0,0.1953707784414291,0.3645117580890655,0.3299427032470703
0,0.3763920366764068,0.4290659427642822,0.4671980738639831
0,0.3981885313987732,0.3772850036621094,0.3177320659160614
0,0.3260400593280792,0.2476096451282501,0.4652646780014038
0,0.2610806226730346,0.3124955296516418,0.3879404366016388
0,0.2859733998775482,0.1972921639680862,0.3637403547763824
0,0.413125067949295,0.3699609041213989,0.3041532635688782
0,0.3511223495006561,0.3197619318962097,0.3256728053092956
0,0.3544986248016357,0.5029593110084534,0.3451241552829742
0,0.3362037539482116,0.2891421616077423,0.4929777681827545
0,0.2949225902557373,0.4201899468898773,0.3491517305374145
0,0.2835194766521454,0.2272582352161407,0.4511470198631286
0,0.2342149317264557,0.3069556951522827,0.4818101823329925
0,0.4152351021766662,0.2951480746269226,0.3741517663002014
0,0.3244815468788147,0.3456132709980011,0.313752144575119
0,0.3135970532894134,0.3212938010692596,0.3924128115177154
0,0.1773201078176498,0.3393988907337188,0.4241403043270111
0,0.2895942032337188,0.3835955858230591,0.3844020664691925
0,0.4866425693035126,0.3074029088020324,0.2839618623256683
0,0.2322935611009597,0.3426924049854278,0.312192291021347
0,0.4179931282997131,0.379290759563446,0.4472803473472595
0,0.3009031414985657,0.2895715534687042,0.422750860452652
0,0.3318330347537994,0.3071343600749969,0.3484645783901214
0,0.291115939617157,0.3492846190929413,0.4758999049663543
0,0.3074029684066772,0.6201390027999878,0.3980419933795929
0,0.3554486334323883,0.3304831087589264,0.384741336107254
0,0.3480452001094818,0.293452113866806,0.3907907903194427
0,0.2868606150150299,0.3127323985099792,0.3731139600276947
0,0.3299666047096252,0.2272509634494781,0.4722108244895935
0,0.3007951974868774,0.4670489132404327,0.4267739355564117
0,0.3384816348552704,0.2507461607456207,0.4661113321781158
0,0.2986316680908203,0.2772473394870758,0.3002099096775055
0,0.2015135586261749,0.2230757027864456,0.3965521156787872
0,0.3620709478855133,0.3341153264045715,0.356224000453949
0,0.4053839445114136,0.2933988273143768,0.4553679525852203
0,0.4060338735580444,0.4081465601921081,0.3546177446842193
0,0.1919222921133041,0.2555338442325592,0.363240510225296
0,0.2353455275297165,0.2916477620601654,0.2903825938701629
0,0.3368954062461853,0.4269404411315918,0.3982415497303009
0,0.2812117040157318,0.4119026660919189,0.3595161736011505
0,0.3871943354606628,0.2357663810253143,0.4230796694755554
0,0.2782509326934814,0.1866055577993393,0.3922091126441955
0,0.4334873855113983,0.283454030752182,0.366364061832428
0,0.3101800680160522,0.2470292598009109,0.3368377089500427
0,0.3351556956768036,0.4131109714508056,0.3450658023357391
0,0.4408192634582519,0.2573680281639099,0.3611987829208374
0,0.271805852651596,0.3567270338535309,0.4005374610424042
0,0.2387049198150634,0.4913809597492218,0.4048982858657837
0,0.3712751269340515,0.2381311804056167,0.4399601817131042
0,0.3912743330001831,0.3290084302425384,0.3668209612369537
0,0.3862127363681793,0.2989326417446136,0.410769373178482
0,0.4548917710781097,0.4580444097518921,0.3408546447753906
0,0.3103830218315124,0.2604056000709533,0.4410494267940521
0,0.2399147003889084,0.2729526460170746,0.327212393283844
0,0.2780453860759735,0.3355066180229187,0.267052561044693
0,0.3589117228984833,0.2910271883010864,0.5102007985115051
0,0.4054003357887268,0.2566229403018951,0.4747897684574127
0,0.1794586777687072,0.3052030503749847,0.3649951517581939
0,0.2512066662311554,0.2151516824960708,0.4054217040538788
0,0.5006312727928162,0.5668615102767944,0.3810334205627441
0,0.3253123462200165,0.4461878538131714,0.3085408508777618
0,0.1715694963932037,0.2993259727954864,0.3374247550964355
0,0.296992152929306,0.5225005745887756,0.3302820026874542
0,0.5160771608352661,0.4432023167610168,0.3225813806056976
0,0.2447909414768219,0.2326501905918121,0.3462953567504883
0,0.4799021184444427,0.5000182390213013,0.3897346258163452
0,0.3486387431621551,0.3780539631843567,0.4319863319396972
0,0.3004108369350433,0.3275792002677917,0.3646454811096191
0,0.3714750707149505,0.2797317504882812,0.4946419894695282
0,0.150556206703186,0.4419406950473785,0.3197209239006042
0,0.4449532330036163,0.3790684044361114,0.35217946767807
0,0.4055224955081939,0.3240397274494171,0.446342408657074
0,0.2518620491027832,0.360352486371994,0.430899828672409
0,0.280534029006958,0.3402919471263885,0.3587763607501983
0,0.415599912405014,0.2529727816581726,0.4089977145195007
0,0.3495476543903351,0.3728770315647125,0.4252698719501495
0,0.0804338827729225,0.2345770299434662,0.4277604818344116
0,0.4972094893455505,0.40590700507164,0.5015164613723755
0,0.2637456357479095,0.402548998594284,0.2997501194477081
0,0.2400760501623153,0.2709773182868957,0.376708984375
0,0.3901759684085846,0.3031170964241028,0.3371623456478119
0,0.2709640562534332,0.3656178116798401,0.3539510071277618
0,0.3527910709381103,0.33981853723526,0.416395366191864
0,0.2053934633731842,0.2203784734010696,0.511949360370636
0,0.3991429507732391,0.3045903444290161,0.5022841691970825
0,0.3250990211963653,0.2674359381198883,0.4615679383277893
0,0.3382908999919891,0.3761909306049347,0.3618274629116058
0,0.2711048424243927,0.2514629364013672,0.3390286266803741
0,0.3345210552215576,0.2987920343875885,0.3562980890274048
0,0.3135534822940826,0.3919506072998047,0.3167062401771545
0,0.1777888536453247,0.3766542971134186,0.3727881908416748
0,0.366535872220993,0.3147328794002533,0.3002656102180481
0,0.2803539931774139,0.2619625627994537,0.3297938406467438
0,0.2890322506427765,0.2181127667427063,0.370995819568634
0,0.4103308618068695,0.2382045686244964,0.4560011327266693
0,0.6309505105018616,0.4908302426338196,0.3287867307662964
0,0.5778939723968506,0.2829019427299499,0.4967058897018432
0,0.2815433144569397,0.2805082499980926,0.4327955842018127
0,0.1606310307979583,0.3918074667453766,0.4631646573543548
0,0.3728256523609161,0.3847699165344238,0.2026069313287735
0,0.2098044455051422,0.2873222529888153,0.3403803408145904
0,0.4788002073764801,0.3379717767238617,0.4026320278644562
0,0.2576262652873993,0.3310070037841797,0.2715468108654022
0,0.2814845740795135,0.3025192618370056,0.3320675790309906
0,0.5029651522636414,0.4170932173728943,0.3742952346801758
0,0.3247578144073486,0.352256178855896,0.4003406465053558
0,0.3229402303695678,0.2165032029151916,0.352737694978714
0,0.3849901854991913,0.2620236277580261,0.3639042973518371
0,0.1943238228559494,0.2605641186237335,0.3682292997837066
0,0.3343909084796905,0.3179603219032287,0.3824844360351562
0,0.2116724699735641,0.4435167610645294,0.4341292083263397
0,0.342550128698349,0.2657009959220886,0.349089652299881
0,0.3609254956245422,0.2562580704689026,0.3547839224338531
0,0.3064110279083252,0.3307178020477295,0.4200112819671631
0,0.4345756471157074,0.3659308850765228,0.5014733672142029
0,0.411349207162857,0.3966679573059082,0.3232017755508423
0,0.3103536665439605,0.283683031797409,0.4266172051429748
0,0.2547087073326111,0.2396071106195449,0.4055182337760925
0,0.2998514473438263,0.446987509727478,0.2682598233222961
0,0.3731766045093536,0.2669461965560913,0.4103026688098907
0,0.2382437139749527,0.2738806307315826,0.4106575548648834
0,0.3838184773921966,0.2726858258247375,0.3368987739086151
0,0.3637073040008545,0.2315620332956314,0.4053191244602203
0,0.3217457234859466,0.3686224520206451,0.3828814327716827
0,0.3045987486839294,0.307626873254776,0.3428195416927337
0,0.2171124070882797,0.3521892428398132,0.4435745477676391
0,0.2518805861473083,0.4651136100292206,0.4438845515251159
0,0.244107574224472,0.2620658576488495,0.4682744741439819
0,0.2382796108722686,0.348444253206253,0.2282060831785202
0,0.159509465098381,0.2599605023860931,0.4069716036319732
0,0.3580517470836639,0.2544121146202087,0.4136923849582672
0,0.3780844509601593,0.3272413909435272,0.4291998147964477
0,0.3116565942764282,0.4894901514053345,0.4885492622852325
0,0.3094299435615539,0.3018215298652649,0.3909716308116913
0,0.3436988890171051,0.4822966158390045,0.3849706351757049
0,0.3458674252033233,0.278473436832428,0.3418655097484588
0,0.2661068439483642,0.2222436517477035,0.3210073411464691
0,0.3042996823787689,0.4062313139438629,0.350570946931839
0,0.2273436039686203,0.3305908143520355,0.3317979276180267
0,0.57732093334198,0.346498042345047,0.3295345902442932
0,0.3886860013008117,0.306414932012558,0.4499773383140564
0,0.3151401281356811,0.3617805242538452,0.4423992335796356
0,0.5021470189094543,0.4103698134422302,0.3621950447559356
0,0.2006679624319076,0.3156155049800873,0.3017079830169678
0,0.3240265548229217,0.2909959256649017,0.3695370256900787
0,0.3200386762619018,0.3697908222675323,0.3575807809829712
0,0.3409916162490845,0.3254283666610718,0.329416424036026
0,0.3794720470905304,0.4658651053905487,0.3001631200313568
0,0.3825832009315491,0.2470792233943939,0.3908588290214538
0,0.3556001782417297,0.3571601808071136,0.3950744867324829
0,0.3374181985855102,0.2536889016628265,0.2955735027790069
0,0.3450329303741455,0.3687521517276764,0.2685107588768005
0,0.2676188051700592,0.2524935007095337,0.4844322800636291
0,0.3644878566265106,0.2685915231704712,0.3694508671760559
0,0.3201664388179779,0.3187392652034759,0.427453875541687
0,0.3235597610473633,0.4191765785217285,0.3932189345359802
0,0.3670315742492676,0.2123282253742218,0.4934918880462646
0,0.3481047749519348,0.2889617383480072,0.326288491487503
0,0.3672037124633789,0.2602558135986328,0.3366279602050781
0,0.2698247730731964,0.2811568975448608,0.4606944322586059
0,0.3435690402984619,0.3255114257335663,0.4197371900081634
0,0.3994141221046448,0.3817689716815948,0.4016072750091553
0,0.468008428812027,0.3092925548553467,0.2906579375267029
0,0.3280011117458343,0.2885483503341675,0.4985236227512359
0,0.2183936834335327,0.2635465264320373,0.3880083560943603
0,0.3249036073684692,0.360249787569046,0.4231050610542297
0,0.2626641988754272,0.3154737651348114,0.4049087762832641
0,0.2219919264316558,0.2626024484634399,0.4035007357597351
0,0.3452649116516113,0.2333445250988006,0.4224811196327209
0,0.3503564000129699,0.3119001388549804,0.3175890743732452
0,0.2154074758291244,0.381217896938324,0.4181157946586609
0,0.296307772397995,0.2812526524066925,0.438148021697998
0,0.2759222686290741,0.3209121227264404,0.3766431808471679
0,0.2044349014759063,0.2858141660690307,0.4535898566246032
0,0.2653805911540985,0.2406207770109176,0.3690273463726043
0,0.3932417929172516,0.3752020001411438,0.4489889442920685
0,0.2933666706085205,0.3421381711959839,0.2812150716781616
0,0.3183936476707458,0.283932626247406,0.4063722789287567
0,0.3069063425064087,0.3077519536018371,0.3917424380779266
0,0.3015972673892975,0.2855821549892425,0.2821497023105621
0,0.3318580389022827,0.3256077170372009,0.4237667620182037
0,0.2563202977180481,0.239285409450531,0.3690136671066284
0,0.2493926137685775,0.4704822599887848,0.2706755101680755
0,0.4467573165893554,0.2839926481246948,0.3375681042671203
0,0.2554799318313598,0.2502678632736206,0.3118368983268738
0,0.418843150138855,0.32570481300354,0.3730161488056183
0,0.2480567395687103,0.2652013003826141,0.2911566793918609
0,0.2731401026248932,0.4788093566894531,0.3295687735080719
0,0.3081448674201965,0.3347413241863251,0.4414218664169311
0,0.3529240489006042,0.2290937602519989,0.3145529925823211
0,0.4114862978458404,0.4008633494377136,0.5391168594360352
0,0.4000540971755981,0.2302980124950409,0.4355566203594208
0,0.2093841582536697,0.3864752352237701,0.3994169533252716
0,0.2558118104934692,0.3132327198982239,0.3720884025096893
0,0.2621472477912903,0.284958004951477,0.3037289381027221
0,0.5118967294692993,0.3714264333248138,0.5194075107574463
0,0.3556845188140869,0.3567840754985809,0.3629350662231445
0,0.427967369556427,0.3106082379817962,0.4653904736042022
0,0.3187116086483001,0.3566552400588989,0.3999727964401245
0,0.3168665766716003,0.4216073155403137,0.2894395887851715
0,0.3389683067798614,0.2281327247619629,0.3520709872245788
0,0.349082350730896,0.3390035927295685,0.3311140835285187
0,0.2842311561107635,0.2913794219493866,0.3429754078388214
0,0.4646123349666595,0.2375651001930236,0.4724955260753631
0,0.3244876265525818,0.3853294253349304,0.4670422971248626
0,0.4578937292098999,0.3647861182689667,0.2871552407741546
0,0.2892594635486603,0.2242290526628494,0.385028064250946
0,0.3478155732154846,0.2957179248332977,0.4442319869995117
0,0.2155919224023819,0.4334258735179901,0.4786568582057953
0,0.4152660667896271,0.3634308874607086,0.4459434747695923
0,0.1532780081033706,0.243661344051361,0.3079384565353393
0,0.2765444219112396,0.2508005797863006,0.5136507153511047
0,0.3014152348041534,0.4620923399925232,0.3366184830665588
0,0.4317778646945953,0.3697172999382019,0.4612175524234772
0,0.298941820859909,0.2348185926675796,0.4552172720432281
0,0.2111013084650039,0.3451016545295715,0.400081604719162
0,0.4676617681980133,0.3282598853111267,0.3616957366466522
0,0.2961768805980682,0.4552439451217651,0.4434734284877777
0,0.4299543499946594,0.3208637833595276,0.4761334359645843
0,0.1468885838985443,0.342515766620636,0.3718238174915313
0,0.38898965716362,0.2906657457351684,0.4876981377601623
0,0.2284527420997619,0.3760348558425903,0.4103692770004272
0,0.4795498847961426,0.2623251378536224,0.3443847596645355
0,0.2678755819797516,0.3059454560279846,0.4837763011455536
0,0.3155763447284698,0.41424560546875,0.3701326549053192
0,0.3105173110961914,0.3802430331707001,0.3644556999206543
0,0.3927215933799743,0.345894306898117,0.3693068325519562
0,0.2926816642284393,0.3442001640796661,0.3973139822483063
0,0.4189410805702209,0.2801531851291656,0.3341266512870788
0,0.315591961145401,0.3923773765563965,0.3950181305408478
0,0.3919504880905151,0.4061479866504669,0.3086509108543396
0,0.3308857679367065,0.3610759377479553,0.4012366235256195
0,0.4155173301696777,0.2264463603496551,0.4646655023097992
0,0.4064517617225647,0.3785790801048279,0.3042096495628357
0,0.3187188804149627,0.2713368237018585,0.3070735931396484
0,0.3152127265930176,0.3252930343151092,0.3484249413013458
0,0.4467140436172485,0.3362847566604614,0.3333920836448669
0,0.3461955189704895,0.25081267952919,0.3814396560192108
0,0.3350121974945068,0.3352001309394836,0.3471269607543945
0,0.200429767370224,0.3200308978557586,0.4880306422710418
0,0.3108656108379364,0.2408715188503265,0.396438717842102
0,0.3069872260093689,0.3032397031784057,0.2908400595188141
0,0.2967416644096374,0.3268218636512756,0.3859075009822845
0,0.3336806297302246,0.2359863966703415,0.4178143739700317
